"VAR","Variable","UNIT","Measure","COU","Country","YEA","Year","GDP","Flag Codes","Flags"
"ECONPIBN","Gross domestic product (GDP)","TCPPERMT","/capita, US$ exchange rate","AUS","Australia","2010","2010",59055.6,,
"ECONPIBN","Gross domestic product (GDP)","TCPPERMT","/capita, US$ exchange rate","AUS","Australia","2011","2011",69267.2,,
"ECONPIBN","Gross domestic product (GDP)","TCPPERMT","/capita, US$ exchange rate","AUS","Australia","2012","2012",69980.8,,
"ECONPIBN","Gross domestic product (GDP)","TCPPERMT","/capita, US$ exchange rate","AUS","Australia","2013","2013",66727.5,,
"ECONPIBN","Gross domestic product (GDP)","TCPPERMT","/capita, US$ exchange rate","AUS","Australia","2014","2014",62331.6,,
"ECONPIBN","Gross domestic product (GDP)","TCPPERMT","/capita, US$ exchange rate","AUS","Australia","2015","2015",52286.2,,
"ECONPIBN","Gross domestic product (GDP)","TCPPERMT","/capita, US$ exchange rate","AUS","Australia","2016","2016",54048,,
"ECONPIBN","Gross domestic product (GDP)","TCPPERMT","/capita, US$ exchange rate","AUS","Australia","2017","2017",57421.8,,
"ECONPIBN","Gross domestic product (GDP)","TCPPERMT","/capita, US$ exchange rate","AUS","Australia","2018","2018",58254.5,,
"ECONPIBN","Gross domestic product (GDP)","TCPPERMT","/capita, US$ exchange rate","AUS","Australia","2019","2019",54303.4,,
"ECONPIBN","Gross domestic product (GDP)","TCPPERMT","/capita, US$ exchange rate","AUS","Australia","2020","2020",55806.3,,
"ECONPIBN","Gross domestic product (GDP)","TCPPERMT","/capita, US$ exchange rate","AUS","Australia","2021","2021",67522.8,,
"ECONPIBN","Gross domestic product (GDP)","TCPPERMT","/capita, US$ exchange rate","AUS","Australia","2022","2022",68968.9,,
"ECONPIBN","Gross domestic product (GDP)","TCPPERMT","/capita, US$ exchange rate","AUT","Austria","2010","2010",46903.8,,
"ECONPIBN","Gross domestic product (GDP)","TCPPERMT","/capita, US$ exchange rate","AUT","Austria","2011","2011",51442.3,,
"ECONPIBN","Gross domestic product (GDP)","TCPPERMT","/capita, US$ exchange rate","AUT","Austria","2012","2012",48564.9,,
"ECONPIBN","Gross domestic product (GDP)","TCPPERMT","/capita, US$ exchange rate","AUT","Austria","2013","2013",50731.1,,
"ECONPIBN","Gross domestic product (GDP)","TCPPERMT","/capita, US$ exchange rate","AUT","Austria","2014","2014",51786.4,,
"ECONPIBN","Gross domestic product (GDP)","TCPPERMT","/capita, US$ exchange rate","AUT","Austria","2015","2015",44195.8,,
"ECONPIBN","Gross domestic product (GDP)","TCPPERMT","/capita, US$ exchange rate","AUT","Austria","2016","2016",45307.6,,
"ECONPIBN","Gross domestic product (GDP)","TCPPERMT","/capita, US$ exchange rate","AUT","Austria","2017","2017",47429.1,,
"ECONPIBN","Gross domestic product (GDP)","TCPPERMT","/capita, US$ exchange rate","AUT","Austria","2018","2018",51466.5,,
"ECONPIBN","Gross domestic product (GDP)","TCPPERMT","/capita, US$ exchange rate","AUT","Austria","2019","2019",50070.4,,
"ECONPIBN","Gross domestic product (GDP)","TCPPERMT","/capita, US$ exchange rate","AUT","Austria","2020","2020",48809.2,,
"ECONPIBN","Gross domestic product (GDP)","TCPPERMT","/capita, US$ exchange rate","AUT","Austria","2021","2021",53637.7,,
"ECONPIBN","Gross domestic product (GDP)","TCPPERMT","/capita, US$ exchange rate","AUT","Austria","2022","2022",52500.7,,
"ECONPIBN","Gross domestic product (GDP)","TCPPERMT","/capita, US$ exchange rate","BEL","Belgium","2010","2010",44184.9,,
"ECONPIBN","Gross domestic product (GDP)","TCPPERMT","/capita, US$ exchange rate","BEL","Belgium","2011","2011",47410.6,,
"ECONPIBN","Gross domestic product (GDP)","TCPPERMT","/capita, US$ exchange rate","BEL","Belgium","2012","2012",44670.6,,
"ECONPIBN","Gross domestic product (GDP)","TCPPERMT","/capita, US$ exchange rate","BEL","Belgium","2013","2013",46758,,
"ECONPIBN","Gross domestic product (GDP)","TCPPERMT","/capita, US$ exchange rate","BEL","Belgium","2014","2014",47764.1,,
"ECONPIBN","Gross domestic product (GDP)","TCPPERMT","/capita, US$ exchange rate","BEL","Belgium","2015","2015",41008.3,,
"ECONPIBN","Gross domestic product (GDP)","TCPPERMT","/capita, US$ exchange rate","BEL","Belgium","2016","2016",42012.6,,
"ECONPIBN","Gross domestic product (GDP)","TCPPERMT","/capita, US$ exchange rate","BEL","Belgium","2017","2017",44198.5,,
"ECONPIBN","Gross domestic product (GDP)","TCPPERMT","/capita, US$ exchange rate","BEL","Belgium","2018","2018",47545,,
"ECONPIBN","Gross domestic product (GDP)","TCPPERMT","/capita, US$ exchange rate","BEL","Belgium","2019","2019",46641.7,,
"ECONPIBN","Gross domestic product (GDP)","TCPPERMT","/capita, US$ exchange rate","BEL","Belgium","2020","2020",45517.9,,
"ECONPIBN","Gross domestic product (GDP)","TCPPERMT","/capita, US$ exchange rate","BEL","Belgium","2021","2021",51298.3,,
"ECONPIBN","Gross domestic product (GDP)","TCPPERMT","/capita, US$ exchange rate","BEL","Belgium","2022","2022",49804,,
"ECONPIBN","Gross domestic product (GDP)","TCPPERMT","/capita, US$ exchange rate","CAN","Canada","2010","2010",47562.1,,
"ECONPIBN","Gross domestic product (GDP)","TCPPERMT","/capita, US$ exchange rate","CAN","Canada","2011","2011",52223.7,,
"ECONPIBN","Gross domestic product (GDP)","TCPPERMT","/capita, US$ exchange rate","CAN","Canada","2012","2012",52669,,
"ECONPIBN","Gross domestic product (GDP)","TCPPERMT","/capita, US$ exchange rate","CAN","Canada","2013","2013",52635.1,,
"ECONPIBN","Gross domestic product (GDP)","TCPPERMT","/capita, US$ exchange rate","CAN","Canada","2014","2014",50956,,
"ECONPIBN","Gross domestic product (GDP)","TCPPERMT","/capita, US$ exchange rate","CAN","Canada","2015","2015",43596.1,,
"ECONPIBN","Gross domestic product (GDP)","TCPPERMT","/capita, US$ exchange rate","CAN","Canada","2016","2016",42315.7,,
"ECONPIBN","Gross domestic product (GDP)","TCPPERMT","/capita, US$ exchange rate","CAN","Canada","2017","2017",45129.4,,
"ECONPIBN","Gross domestic product (GDP)","TCPPERMT","/capita, US$ exchange rate","CAN","Canada","2018","2018",46547.9,,
"ECONPIBN","Gross domestic product (GDP)","TCPPERMT","/capita, US$ exchange rate","CAN","Canada","2019","2019",46374.2,,
"ECONPIBN","Gross domestic product (GDP)","TCPPERMT","/capita, US$ exchange rate","CAN","Canada","2020","2020",43315.4,,
"ECONPIBN","Gross domestic product (GDP)","TCPPERMT","/capita, US$ exchange rate","CAN","Canada","2021","2021",52331.8,,
"ECONPIBN","Gross domestic product (GDP)","TCPPERMT","/capita, US$ exchange rate","CAN","Canada","2022","2022",55034.2,,
"ECONPIBN","Gross domestic product (GDP)","TCPPERMT","/capita, US$ exchange rate","CZE","Czechia","2010","2010",19960.1,,
"ECONPIBN","Gross domestic product (GDP)","TCPPERMT","/capita, US$ exchange rate","CZE","Czechia","2011","2011",21871.3,,
"ECONPIBN","Gross domestic product (GDP)","TCPPERMT","/capita, US$ exchange rate","CZE","Czechia","2012","2012",19870.8,,
"ECONPIBN","Gross domestic product (GDP)","TCPPERMT","/capita, US$ exchange rate","CZE","Czechia","2013","2013",20133.2,,
"ECONPIBN","Gross domestic product (GDP)","TCPPERMT","/capita, US$ exchange rate","CZE","Czechia","2014","2014",19890.9,,
"ECONPIBN","Gross domestic product (GDP)","TCPPERMT","/capita, US$ exchange rate","CZE","Czechia","2015","2015",17829.7,,
"ECONPIBN","Gross domestic product (GDP)","TCPPERMT","/capita, US$ exchange rate","CZE","Czechia","2016","2016",18575.2,,
"ECONPIBN","Gross domestic product (GDP)","TCPPERMT","/capita, US$ exchange rate","CZE","Czechia","2017","2017",20636.2,,
"ECONPIBN","Gross domestic product (GDP)","TCPPERMT","/capita, US$ exchange rate","CZE","Czechia","2018","2018",23424.5,,
"ECONPIBN","Gross domestic product (GDP)","TCPPERMT","/capita, US$ exchange rate","CZE","Czechia","2019","2019",23664.8,,
"ECONPIBN","Gross domestic product (GDP)","TCPPERMT","/capita, US$ exchange rate","CZE","Czechia","2020","2020",22992.9,,
"ECONPIBN","Gross domestic product (GDP)","TCPPERMT","/capita, US$ exchange rate","CZE","Czechia","2021","2021",26822.5,,
"ECONPIBN","Gross domestic product (GDP)","TCPPERMT","/capita, US$ exchange rate","CZE","Czechia","2022","2022",27663,,
"ECONPIBN","Gross domestic product (GDP)","TCPPERMT","/capita, US$ exchange rate","DNK","Denmark","2010","2010",58041.4,,
"ECONPIBN","Gross domestic product (GDP)","TCPPERMT","/capita, US$ exchange rate","DNK","Denmark","2011","2011",61753.6,,
"ECONPIBN","Gross domestic product (GDP)","TCPPERMT","/capita, US$ exchange rate","DNK","Denmark","2012","2012",58507.5,,
"ECONPIBN","Gross domestic product (GDP)","TCPPERMT","/capita, US$ exchange rate","DNK","Denmark","2013","2013",61191.2,,
"ECONPIBN","Gross domestic product (GDP)","TCPPERMT","/capita, US$ exchange rate","DNK","Denmark","2014","2014",62549,,
"ECONPIBN","Gross domestic product (GDP)","TCPPERMT","/capita, US$ exchange rate","DNK","Denmark","2015","2015",53254.9,,
"ECONPIBN","Gross domestic product (GDP)","TCPPERMT","/capita, US$ exchange rate","DNK","Denmark","2016","2016",54664,,
"ECONPIBN","Gross domestic product (GDP)","TCPPERMT","/capita, US$ exchange rate","DNK","Denmark","2017","2017",57610.1,,
"ECONPIBN","Gross domestic product (GDP)","TCPPERMT","/capita, US$ exchange rate","DNK","Denmark","2018","2018",61591.9,,
"ECONPIBN","Gross domestic product (GDP)","TCPPERMT","/capita, US$ exchange rate","DNK","Denmark","2019","2019",59593,,
"ECONPIBN","Gross domestic product (GDP)","TCPPERMT","/capita, US$ exchange rate","DNK","Denmark","2020","2020",60915.4,,
"ECONPIBN","Gross domestic product (GDP)","TCPPERMT","/capita, US$ exchange rate","DNK","Denmark","2021","2021",68007.8,,
"ECONPIBN","Gross domestic product (GDP)","TCPPERMT","/capita, US$ exchange rate","DNK","Denmark","2022","2022",66674,,
"ECONPIBN","Gross domestic product (GDP)","TCPPERMT","/capita, US$ exchange rate","FIN","Finland","2010","2010",46505.3,,
"ECONPIBN","Gross domestic product (GDP)","TCPPERMT","/capita, US$ exchange rate","FIN","Finland","2011","2011",51148.9,,
"ECONPIBN","Gross domestic product (GDP)","TCPPERMT","/capita, US$ exchange rate","FIN","Finland","2012","2012",47708.1,,
"ECONPIBN","Gross domestic product (GDP)","TCPPERMT","/capita, US$ exchange rate","FIN","Finland","2013","2013",49892.2,,
"ECONPIBN","Gross domestic product (GDP)","TCPPERMT","/capita, US$ exchange rate","FIN","Finland","2014","2014",50327.3,,
"ECONPIBN","Gross domestic product (GDP)","TCPPERMT","/capita, US$ exchange rate","FIN","Finland","2015","2015",42801.9,,
"ECONPIBN","Gross domestic product (GDP)","TCPPERMT","/capita, US$ exchange rate","FIN","Finland","2016","2016",43814,,
"ECONPIBN","Gross domestic product (GDP)","TCPPERMT","/capita, US$ exchange rate","FIN","Finland","2017","2017",46412.1,,
"ECONPIBN","Gross domestic product (GDP)","TCPPERMT","/capita, US$ exchange rate","FIN","Finland","2018","2018",49987.6,,
"ECONPIBN","Gross domestic product (GDP)","TCPPERMT","/capita, US$ exchange rate","FIN","Finland","2019","2019",48629.9,,
"ECONPIBN","Gross domestic product (GDP)","TCPPERMT","/capita, US$ exchange rate","FIN","Finland","2020","2020",49169.7,,
"ECONPIBN","Gross domestic product (GDP)","TCPPERMT","/capita, US$ exchange rate","FIN","Finland","2021","2021",53489.8,,
"ECONPIBN","Gross domestic product (GDP)","TCPPERMT","/capita, US$ exchange rate","FIN","Finland","2022","2022",50615.3,,
"ECONPIBN","Gross domestic product (GDP)","TCPPERMT","/capita, US$ exchange rate","FRA","France","2010","2010",40809,,
"ECONPIBN","Gross domestic product (GDP)","TCPPERMT","/capita, US$ exchange rate","FRA","France","2011","2011",43992.8,,
"ECONPIBN","Gross domestic product (GDP)","TCPPERMT","/capita, US$ exchange rate","FRA","France","2012","2012",41010.5,,
"ECONPIBN","Gross domestic product (GDP)","TCPPERMT","/capita, US$ exchange rate","FRA","France","2013","2013",42752.3,,
"ECONPIBN","Gross domestic product (GDP)","TCPPERMT","/capita, US$ exchange rate","FRA","France","2014","2014",43068.6,,
"ECONPIBN","Gross domestic product (GDP)","TCPPERMT","/capita, US$ exchange rate","FRA","France","2015","2015",36652.9,,
"ECONPIBN","Gross domestic product (GDP)","TCPPERMT","/capita, US$ exchange rate","FRA","France","2016","2016",37062.6,,
"ECONPIBN","Gross domestic product (GDP)","TCPPERMT","/capita, US$ exchange rate","FRA","France","2017","2017",38781,,
"ECONPIBN","Gross domestic product (GDP)","TCPPERMT","/capita, US$ exchange rate","FRA","France","2018","2018",41557.8,,
"ECONPIBN","Gross domestic product (GDP)","TCPPERMT","/capita, US$ exchange rate","FRA","France","2019","2019",40494.9,,
"ECONPIBN","Gross domestic product (GDP)","TCPPERMT","/capita, US$ exchange rate","FRA","France","2020","2020",39055.3,,
"ECONPIBN","Gross domestic product (GDP)","TCPPERMT","/capita, US$ exchange rate","FRA","France","2021","2021",43649.5,,
"ECONPIBN","Gross domestic product (GDP)","TCPPERMT","/capita, US$ exchange rate","FRA","France","2022","2022",41002.3,,
"ECONPIBN","Gross domestic product (GDP)","TCPPERMT","/capita, US$ exchange rate","DEU","Germany","2010","2010",41572.5,,
"ECONPIBN","Gross domestic product (GDP)","TCPPERMT","/capita, US$ exchange rate","DEU","Germany","2011","2011",46705.9,,
"ECONPIBN","Gross domestic product (GDP)","TCPPERMT","/capita, US$ exchange rate","DEU","Germany","2012","2012",43855.9,,
"ECONPIBN","Gross domestic product (GDP)","TCPPERMT","/capita, US$ exchange rate","DEU","Germany","2013","2013",46298.9,,
"ECONPIBN","Gross domestic product (GDP)","TCPPERMT","/capita, US$ exchange rate","DEU","Germany","2014","2014",48023.9,,
"ECONPIBN","Gross domestic product (GDP)","TCPPERMT","/capita, US$ exchange rate","DEU","Germany","2015","2015",41103.3,,
"ECONPIBN","Gross domestic product (GDP)","TCPPERMT","/capita, US$ exchange rate","DEU","Germany","2016","2016",42136.1,,
"ECONPIBN","Gross domestic product (GDP)","TCPPERMT","/capita, US$ exchange rate","DEU","Germany","2017","2017",44652.6,,
"ECONPIBN","Gross domestic product (GDP)","TCPPERMT","/capita, US$ exchange rate","DEU","Germany","2018","2018",47939.3,,
"ECONPIBN","Gross domestic product (GDP)","TCPPERMT","/capita, US$ exchange rate","DEU","Germany","2019","2019",46793.7,,
"ECONPIBN","Gross domestic product (GDP)","TCPPERMT","/capita, US$ exchange rate","DEU","Germany","2020","2020",46772.8,,
"ECONPIBN","Gross domestic product (GDP)","TCPPERMT","/capita, US$ exchange rate","DEU","Germany","2021","2021",51203.6,,
"ECONPIBN","Gross domestic product (GDP)","TCPPERMT","/capita, US$ exchange rate","DEU","Germany","2022","2022",48922.8,,
"ECONPIBN","Gross domestic product (GDP)","TCPPERMT","/capita, US$ exchange rate","GRC","Greece","2010","2010",26716.6,,
"ECONPIBN","Gross domestic product (GDP)","TCPPERMT","/capita, US$ exchange rate","GRC","Greece","2011","2011",25483.9,,
"ECONPIBN","Gross domestic product (GDP)","TCPPERMT","/capita, US$ exchange rate","GRC","Greece","2012","2012",21913,,
"ECONPIBN","Gross domestic product (GDP)","TCPPERMT","/capita, US$ exchange rate","GRC","Greece","2013","2013",21787.8,,
"ECONPIBN","Gross domestic product (GDP)","TCPPERMT","/capita, US$ exchange rate","GRC","Greece","2014","2014",21616.7,,
"ECONPIBN","Gross domestic product (GDP)","TCPPERMT","/capita, US$ exchange rate","GRC","Greece","2015","2015",18083.9,,
"ECONPIBN","Gross domestic product (GDP)","TCPPERMT","/capita, US$ exchange rate","GRC","Greece","2016","2016",17924,,
"ECONPIBN","Gross domestic product (GDP)","TCPPERMT","/capita, US$ exchange rate","GRC","Greece","2017","2017",18582.1,,
"ECONPIBN","Gross domestic product (GDP)","TCPPERMT","/capita, US$ exchange rate","GRC","Greece","2018","2018",19757,,
"ECONPIBN","Gross domestic product (GDP)","TCPPERMT","/capita, US$ exchange rate","GRC","Greece","2019","2019",19144.3,,
"ECONPIBN","Gross domestic product (GDP)","TCPPERMT","/capita, US$ exchange rate","GRC","Greece","2020","2020",17659,,
"ECONPIBN","Gross domestic product (GDP)","TCPPERMT","/capita, US$ exchange rate","GRC","Greece","2021","2021",20330.2,,
"ECONPIBN","Gross domestic product (GDP)","TCPPERMT","/capita, US$ exchange rate","GRC","Greece","2022","2022",20943.6,,
"ECONPIBN","Gross domestic product (GDP)","TCPPERMT","/capita, US$ exchange rate","HUN","Hungary","2010","2010",13217.5,,
"ECONPIBN","Gross domestic product (GDP)","TCPPERMT","/capita, US$ exchange rate","HUN","Hungary","2011","2011",14234.5,,
"ECONPIBN","Gross domestic product (GDP)","TCPPERMT","/capita, US$ exchange rate","HUN","Hungary","2012","2012",12984.8,,
"ECONPIBN","Gross domestic product (GDP)","TCPPERMT","/capita, US$ exchange rate","HUN","Hungary","2013","2013",13715.1,,
"ECONPIBN","Gross domestic product (GDP)","TCPPERMT","/capita, US$ exchange rate","HUN","Hungary","2014","2014",14294.3,,
"ECONPIBN","Gross domestic product (GDP)","TCPPERMT","/capita, US$ exchange rate","HUN","Hungary","2015","2015",12717,,
"ECONPIBN","Gross domestic product (GDP)","TCPPERMT","/capita, US$ exchange rate","HUN","Hungary","2016","2016",13104.7,,
"ECONPIBN","Gross domestic product (GDP)","TCPPERMT","/capita, US$ exchange rate","HUN","Hungary","2017","2017",14621.2,,
"ECONPIBN","Gross domestic product (GDP)","TCPPERMT","/capita, US$ exchange rate","HUN","Hungary","2018","2018",16425.2,,
"ECONPIBN","Gross domestic product (GDP)","TCPPERMT","/capita, US$ exchange rate","HUN","Hungary","2019","2019",16786.2,,
"ECONPIBN","Gross domestic product (GDP)","TCPPERMT","/capita, US$ exchange rate","HUN","Hungary","2020","2020",16125.6,,
"ECONPIBN","Gross domestic product (GDP)","TCPPERMT","/capita, US$ exchange rate","HUN","Hungary","2021","2021",18772.1,,
"ECONPIBN","Gross domestic product (GDP)","TCPPERMT","/capita, US$ exchange rate","HUN","Hungary","2022","2022",18452.7,,
"ECONPIBN","Gross domestic product (GDP)","TCPPERMT","/capita, US$ exchange rate","ISL","Iceland","2010","2010",43237.1,,
"ECONPIBN","Gross domestic product (GDP)","TCPPERMT","/capita, US$ exchange rate","ISL","Iceland","2011","2011",47714.6,,
"ECONPIBN","Gross domestic product (GDP)","TCPPERMT","/capita, US$ exchange rate","ISL","Iceland","2012","2012",45995.5,,
"ECONPIBN","Gross domestic product (GDP)","TCPPERMT","/capita, US$ exchange rate","ISL","Iceland","2013","2013",49805,,
"ECONPIBN","Gross domestic product (GDP)","TCPPERMT","/capita, US$ exchange rate","ISL","Iceland","2014","2014",54576.7,,
"ECONPIBN","Gross domestic product (GDP)","TCPPERMT","/capita, US$ exchange rate","ISL","Iceland","2015","2015",52951.7,,
"ECONPIBN","Gross domestic product (GDP)","TCPPERMT","/capita, US$ exchange rate","ISL","Iceland","2016","2016",61987.9,,
"ECONPIBN","Gross domestic product (GDP)","TCPPERMT","/capita, US$ exchange rate","ISL","Iceland","2017","2017",72010.1,,
"ECONPIBN","Gross domestic product (GDP)","TCPPERMT","/capita, US$ exchange rate","ISL","Iceland","2018","2018",74452.2,,
"ECONPIBN","Gross domestic product (GDP)","TCPPERMT","/capita, US$ exchange rate","ISL","Iceland","2019","2019",68403.1,,
"ECONPIBN","Gross domestic product (GDP)","TCPPERMT","/capita, US$ exchange rate","ISL","Iceland","2020","2020",58813.8,,
"ECONPIBN","Gross domestic product (GDP)","TCPPERMT","/capita, US$ exchange rate","ISL","Iceland","2021","2021",68594,,
"ECONPIBN","Gross domestic product (GDP)","TCPPERMT","/capita, US$ exchange rate","ISL","Iceland","2022","2022",73998.1,,
"ECONPIBN","Gross domestic product (GDP)","TCPPERMT","/capita, US$ exchange rate","IRL","Ireland","2010","2010",48663.6,,
"ECONPIBN","Gross domestic product (GDP)","TCPPERMT","/capita, US$ exchange rate","IRL","Ireland","2011","2011",52183.1,,
"ECONPIBN","Gross domestic product (GDP)","TCPPERMT","/capita, US$ exchange rate","IRL","Ireland","2012","2012",49054.7,,
"ECONPIBN","Gross domestic product (GDP)","TCPPERMT","/capita, US$ exchange rate","IRL","Ireland","2013","2013",51546.4,,
"ECONPIBN","Gross domestic product (GDP)","TCPPERMT","/capita, US$ exchange rate","IRL","Ireland","2014","2014",55643.1,,
"ECONPIBN","Gross domestic product (GDP)","TCPPERMT","/capita, US$ exchange rate","IRL","Ireland","2015","2015",62054,,
"ECONPIBN","Gross domestic product (GDP)","TCPPERMT","/capita, US$ exchange rate","IRL","Ireland","2016","2016",62895.9,,
"ECONPIBN","Gross domestic product (GDP)","TCPPERMT","/capita, US$ exchange rate","IRL","Ireland","2017","2017",69970.9,,
"ECONPIBN","Gross domestic product (GDP)","TCPPERMT","/capita, US$ exchange rate","IRL","Ireland","2018","2018",79250.4,,
"ECONPIBN","Gross domestic product (GDP)","TCPPERMT","/capita, US$ exchange rate","IRL","Ireland","2019","2019",80927.1,,
"ECONPIBN","Gross domestic product (GDP)","TCPPERMT","/capita, US$ exchange rate","IRL","Ireland","2020","2020",85420.2,,
"ECONPIBN","Gross domestic product (GDP)","TCPPERMT","/capita, US$ exchange rate","IRL","Ireland","2021","2021",100172.1,,
"ECONPIBN","Gross domestic product (GDP)","TCPPERMT","/capita, US$ exchange rate","IRL","Ireland","2022","2022",104593.7,,
"ECONPIBN","Gross domestic product (GDP)","TCPPERMT","/capita, US$ exchange rate","ITA","Italy","2010","2010",36035.6,,
"ECONPIBN","Gross domestic product (GDP)","TCPPERMT","/capita, US$ exchange rate","ITA","Italy","2011","2011",38649.6,,
"ECONPIBN","Gross domestic product (GDP)","TCPPERMT","/capita, US$ exchange rate","ITA","Italy","2012","2012",35051.5,,
"ECONPIBN","Gross domestic product (GDP)","TCPPERMT","/capita, US$ exchange rate","ITA","Italy","2013","2013",35560.1,,
"ECONPIBN","Gross domestic product (GDP)","TCPPERMT","/capita, US$ exchange rate","ITA","Italy","2014","2014",35565.7,,
"ECONPIBN","Gross domestic product (GDP)","TCPPERMT","/capita, US$ exchange rate","ITA","Italy","2015","2015",30242.4,,
"ECONPIBN","Gross domestic product (GDP)","TCPPERMT","/capita, US$ exchange rate","ITA","Italy","2016","2016",30960.7,,
"ECONPIBN","Gross domestic product (GDP)","TCPPERMT","/capita, US$ exchange rate","ITA","Italy","2017","2017",32406.7,,
"ECONPIBN","Gross domestic product (GDP)","TCPPERMT","/capita, US$ exchange rate","ITA","Italy","2018","2018",34622.2,,
"ECONPIBN","Gross domestic product (GDP)","TCPPERMT","/capita, US$ exchange rate","ITA","Italy","2019","2019",33673.8,,
"ECONPIBN","Gross domestic product (GDP)","TCPPERMT","/capita, US$ exchange rate","ITA","Italy","2020","2020",31918.7,,
"ECONPIBN","Gross domestic product (GDP)","TCPPERMT","/capita, US$ exchange rate","ITA","Italy","2021","2021",35755.8,,
"ECONPIBN","Gross domestic product (GDP)","TCPPERMT","/capita, US$ exchange rate","ITA","Italy","2022","2022",34057.7,,
"ECONPIBN","Gross domestic product (GDP)","TCPPERMT","/capita, US$ exchange rate","JPN","Japan","2010","2010",44972.6,,
"ECONPIBN","Gross domestic product (GDP)","TCPPERMT","/capita, US$ exchange rate","JPN","Japan","2011","2011",48759.6,,
"ECONPIBN","Gross domestic product (GDP)","TCPPERMT","/capita, US$ exchange rate","JPN","Japan","2012","2012",49159.3,,
"ECONPIBN","Gross domestic product (GDP)","TCPPERMT","/capita, US$ exchange rate","JPN","Japan","2013","2013",40908.6,,
"ECONPIBN","Gross domestic product (GDP)","TCPPERMT","/capita, US$ exchange rate","JPN","Japan","2014","2014",38487.1,,
"ECONPIBN","Gross domestic product (GDP)","TCPPERMT","/capita, US$ exchange rate","JPN","Japan","2015","2015",34973.4,,
"ECONPIBN","Gross domestic product (GDP)","TCPPERMT","/capita, US$ exchange rate","JPN","Japan","2016","2016",39419.9,,
"ECONPIBN","Gross domestic product (GDP)","TCPPERMT","/capita, US$ exchange rate","JPN","Japan","2017","2017",38915.5,,
"ECONPIBN","Gross domestic product (GDP)","TCPPERMT","/capita, US$ exchange rate","JPN","Japan","2018","2018",39866.8,,
"ECONPIBN","Gross domestic product (GDP)","TCPPERMT","/capita, US$ exchange rate","JPN","Japan","2019","2019",40565.3,,
"ECONPIBN","Gross domestic product (GDP)","TCPPERMT","/capita, US$ exchange rate","JPN","Japan","2020","2020",40023.4,,
"ECONPIBN","Gross domestic product (GDP)","TCPPERMT","/capita, US$ exchange rate","JPN","Japan","2021","2021",39884,,
"ECONPIBN","Gross domestic product (GDP)","TCPPERMT","/capita, US$ exchange rate","JPN","Japan","2022","2022",34036.9,,
"ECONPIBN","Gross domestic product (GDP)","TCPPERMT","/capita, US$ exchange rate","KOR","Korea","2010","2010",23079.3,,
"ECONPIBN","Gross domestic product (GDP)","TCPPERMT","/capita, US$ exchange rate","KOR","Korea","2011","2011",25097.6,,
"ECONPIBN","Gross domestic product (GDP)","TCPPERMT","/capita, US$ exchange rate","KOR","Korea","2012","2012",25459.2,,
"ECONPIBN","Gross domestic product (GDP)","TCPPERMT","/capita, US$ exchange rate","KOR","Korea","2013","2013",27179.5,,
"ECONPIBN","Gross domestic product (GDP)","TCPPERMT","/capita, US$ exchange rate","KOR","Korea","2014","2014",29252.9,,
"ECONPIBN","Gross domestic product (GDP)","TCPPERMT","/capita, US$ exchange rate","KOR","Korea","2015","2015",28737.4,,
"ECONPIBN","Gross domestic product (GDP)","TCPPERMT","/capita, US$ exchange rate","KOR","Korea","2016","2016",29280.4,,
"ECONPIBN","Gross domestic product (GDP)","TCPPERMT","/capita, US$ exchange rate","KOR","Korea","2017","2017",31600.7,,
"ECONPIBN","Gross domestic product (GDP)","TCPPERMT","/capita, US$ exchange rate","KOR","Korea","2018","2018",33447.2,,
"ECONPIBN","Gross domestic product (GDP)","TCPPERMT","/capita, US$ exchange rate","KOR","Korea","2019","2019",31902.4,,
"ECONPIBN","Gross domestic product (GDP)","TCPPERMT","/capita, US$ exchange rate","KOR","Korea","2020","2020",31721.3,,
"ECONPIBN","Gross domestic product (GDP)","TCPPERMT","/capita, US$ exchange rate","KOR","Korea","2021","2021",34998,,
"ECONPIBN","Gross domestic product (GDP)","TCPPERMT","/capita, US$ exchange rate","KOR","Korea","2022","2022",32254.6,,
"ECONPIBN","Gross domestic product (GDP)","TCPPERMT","/capita, US$ exchange rate","LUX","Luxembourg","2010","2010",110886,,
"ECONPIBN","Gross domestic product (GDP)","TCPPERMT","/capita, US$ exchange rate","LUX","Luxembourg","2011","2011",119025,,
"ECONPIBN","Gross domestic product (GDP)","TCPPERMT","/capita, US$ exchange rate","LUX","Luxembourg","2012","2012",112584.7,,
"ECONPIBN","Gross domestic product (GDP)","TCPPERMT","/capita, US$ exchange rate","LUX","Luxembourg","2013","2013",120000.2,,
"ECONPIBN","Gross domestic product (GDP)","TCPPERMT","/capita, US$ exchange rate","LUX","Luxembourg","2014","2014",123678.7,,
"ECONPIBN","Gross domestic product (GDP)","TCPPERMT","/capita, US$ exchange rate","LUX","Luxembourg","2015","2015",105462.1,,
"ECONPIBN","Gross domestic product (GDP)","TCPPERMT","/capita, US$ exchange rate","LUX","Luxembourg","2016","2016",106899.3,,
"ECONPIBN","Gross domestic product (GDP)","TCPPERMT","/capita, US$ exchange rate","LUX","Luxembourg","2017","2017",110193.2,,
"ECONPIBN","Gross domestic product (GDP)","TCPPERMT","/capita, US$ exchange rate","LUX","Luxembourg","2018","2018",116786.5,,
"ECONPIBN","Gross domestic product (GDP)","TCPPERMT","/capita, US$ exchange rate","LUX","Luxembourg","2019","2019",112621.9,,
"ECONPIBN","Gross domestic product (GDP)","TCPPERMT","/capita, US$ exchange rate","LUX","Luxembourg","2020","2020",117370.6,,
"ECONPIBN","Gross domestic product (GDP)","TCPPERMT","/capita, US$ exchange rate","LUX","Luxembourg","2021","2021",133590.2,,
"ECONPIBN","Gross domestic product (GDP)","TCPPERMT","/capita, US$ exchange rate","LUX","Luxembourg","2022","2022",127479.4,,
"ECONPIBN","Gross domestic product (GDP)","TCPPERMT","/capita, US$ exchange rate","MEX","Mexico","2010","2010",9299.5,,
"ECONPIBN","Gross domestic product (GDP)","TCPPERMT","/capita, US$ exchange rate","MEX","Mexico","2011","2011",10232.4,,
"ECONPIBN","Gross domestic product (GDP)","TCPPERMT","/capita, US$ exchange rate","MEX","Mexico","2012","2012",10271.4,,
"ECONPIBN","Gross domestic product (GDP)","TCPPERMT","/capita, US$ exchange rate","MEX","Mexico","2013","2013",10759,,
"ECONPIBN","Gross domestic product (GDP)","TCPPERMT","/capita, US$ exchange rate","MEX","Mexico","2014","2014",10967.1,,
"ECONPIBN","Gross domestic product (GDP)","TCPPERMT","/capita, US$ exchange rate","MEX","Mexico","2015","2015",9657.1,,
"ECONPIBN","Gross domestic product (GDP)","TCPPERMT","/capita, US$ exchange rate","MEX","Mexico","2016","2016",8788.6,,
"ECONPIBN","Gross domestic product (GDP)","TCPPERMT","/capita, US$ exchange rate","MEX","Mexico","2017","2017",9342.9,,
"ECONPIBN","Gross domestic product (GDP)","TCPPERMT","/capita, US$ exchange rate","MEX","Mexico","2018","2018",9753.7,,
"ECONPIBN","Gross domestic product (GDP)","TCPPERMT","/capita, US$ exchange rate","MEX","Mexico","2019","2019",10025.5,,
"ECONPIBN","Gross domestic product (GDP)","TCPPERMT","/capita, US$ exchange rate","MEX","Mexico","2020","2020",8533.5,,
"ECONPIBN","Gross domestic product (GDP)","TCPPERMT","/capita, US$ exchange rate","MEX","Mexico","2021","2021",9869.1,,
"ECONPIBN","Gross domestic product (GDP)","TCPPERMT","/capita, US$ exchange rate","MEX","Mexico","2022","2022",10868.5,,
"ECONPIBN","Gross domestic product (GDP)","TCPPERMT","/capita, US$ exchange rate","NLD","Netherlands","2010","2010",50999.7,,
"ECONPIBN","Gross domestic product (GDP)","TCPPERMT","/capita, US$ exchange rate","NLD","Netherlands","2011","2011",54230.3,,
"ECONPIBN","Gross domestic product (GDP)","TCPPERMT","/capita, US$ exchange rate","NLD","Netherlands","2012","2012",50070.1,,
"ECONPIBN","Gross domestic product (GDP)","TCPPERMT","/capita, US$ exchange rate","NLD","Netherlands","2013","2013",52198.9,,
"ECONPIBN","Gross domestic product (GDP)","TCPPERMT","/capita, US$ exchange rate","NLD","Netherlands","2014","2014",52900.6,,
"ECONPIBN","Gross domestic product (GDP)","TCPPERMT","/capita, US$ exchange rate","NLD","Netherlands","2015","2015",45193.4,,
"ECONPIBN","Gross domestic product (GDP)","TCPPERMT","/capita, US$ exchange rate","NLD","Netherlands","2016","2016",46039.1,,
"ECONPIBN","Gross domestic product (GDP)","TCPPERMT","/capita, US$ exchange rate","NLD","Netherlands","2017","2017",48675.2,,
"ECONPIBN","Gross domestic product (GDP)","TCPPERMT","/capita, US$ exchange rate","NLD","Netherlands","2018","2018",53044.5,,
"ECONPIBN","Gross domestic product (GDP)","TCPPERMT","/capita, US$ exchange rate","NLD","Netherlands","2019","2019",52476.3,,
"ECONPIBN","Gross domestic product (GDP)","TCPPERMT","/capita, US$ exchange rate","NLD","Netherlands","2020","2020",52162.6,,
"ECONPIBN","Gross domestic product (GDP)","TCPPERMT","/capita, US$ exchange rate","NLD","Netherlands","2021","2021",57708.1,,
"ECONPIBN","Gross domestic product (GDP)","TCPPERMT","/capita, US$ exchange rate","NLD","Netherlands","2022","2022",56343.2,,
"ECONPIBN","Gross domestic product (GDP)","TCPPERMT","/capita, US$ exchange rate","NZL","New Zealand","2010","2010",33676.8,,
"ECONPIBN","Gross domestic product (GDP)","TCPPERMT","/capita, US$ exchange rate","NZL","New Zealand","2011","2011",38387.6,,
"ECONPIBN","Gross domestic product (GDP)","TCPPERMT","/capita, US$ exchange rate","NZL","New Zealand","2012","2012",39973.4,,
"ECONPIBN","Gross domestic product (GDP)","TCPPERMT","/capita, US$ exchange rate","NZL","New Zealand","2013","2013",42976.5,,
"ECONPIBN","Gross domestic product (GDP)","TCPPERMT","/capita, US$ exchange rate","NZL","New Zealand","2014","2014",44572.9,,
"ECONPIBN","Gross domestic product (GDP)","TCPPERMT","/capita, US$ exchange rate","NZL","New Zealand","2015","2015",38630.7,,
"ECONPIBN","Gross domestic product (GDP)","TCPPERMT","/capita, US$ exchange rate","NZL","New Zealand","2016","2016",40058.2,,
"ECONPIBN","Gross domestic product (GDP)","TCPPERMT","/capita, US$ exchange rate","NZL","New Zealand","2017","2017",42911,,
"ECONPIBN","Gross domestic product (GDP)","TCPPERMT","/capita, US$ exchange rate","NZL","New Zealand","2018","2018",43236.9,,
"ECONPIBN","Gross domestic product (GDP)","TCPPERMT","/capita, US$ exchange rate","NZL","New Zealand","2019","2019",42769.6,,
"ECONPIBN","Gross domestic product (GDP)","TCPPERMT","/capita, US$ exchange rate","NZL","New Zealand","2020","2020",41727.5,,
"ECONPIBN","Gross domestic product (GDP)","TCPPERMT","/capita, US$ exchange rate","NZL","New Zealand","2021","2021",49541.7,,
"ECONPIBN","Gross domestic product (GDP)","TCPPERMT","/capita, US$ exchange rate","NZL","New Zealand","2022","2022",47810.4,,
"ECONPIBN","Gross domestic product (GDP)","TCPPERMT","/capita, US$ exchange rate","NOR","Norway","2010","2010",88163.2,,
"ECONPIBN","Gross domestic product (GDP)","TCPPERMT","/capita, US$ exchange rate","NOR","Norway","2011","2011",101221.8,,
"ECONPIBN","Gross domestic product (GDP)","TCPPERMT","/capita, US$ exchange rate","NOR","Norway","2012","2012",102175.9,,
"ECONPIBN","Gross domestic product (GDP)","TCPPERMT","/capita, US$ exchange rate","NOR","Norway","2013","2013",103553.8,,
"ECONPIBN","Gross domestic product (GDP)","TCPPERMT","/capita, US$ exchange rate","NOR","Norway","2014","2014",97666.7,,
"ECONPIBN","Gross domestic product (GDP)","TCPPERMT","/capita, US$ exchange rate","NOR","Norway","2015","2015",74810,,
"ECONPIBN","Gross domestic product (GDP)","TCPPERMT","/capita, US$ exchange rate","NOR","Norway","2016","2016",70867.4,,
"ECONPIBN","Gross domestic product (GDP)","TCPPERMT","/capita, US$ exchange rate","NOR","Norway","2017","2017",76131.8,,
"ECONPIBN","Gross domestic product (GDP)","TCPPERMT","/capita, US$ exchange rate","NOR","Norway","2018","2018",82792.8,,
"ECONPIBN","Gross domestic product (GDP)","TCPPERMT","/capita, US$ exchange rate","NOR","Norway","2019","2019",76430.6,,
"ECONPIBN","Gross domestic product (GDP)","TCPPERMT","/capita, US$ exchange rate","NOR","Norway","2020","2020",68340,,
"ECONPIBN","Gross domestic product (GDP)","TCPPERMT","/capita, US$ exchange rate","NOR","Norway","2021","2021",90655.4,,
"ECONPIBN","Gross domestic product (GDP)","TCPPERMT","/capita, US$ exchange rate","NOR","Norway","2022","2022",106772.1,,
"ECONPIBN","Gross domestic product (GDP)","TCPPERMT","/capita, US$ exchange rate","POL","Poland","2010","2010",12504.3,,
"ECONPIBN","Gross domestic product (GDP)","TCPPERMT","/capita, US$ exchange rate","POL","Poland","2011","2011",13776.4,,
"ECONPIBN","Gross domestic product (GDP)","TCPPERMT","/capita, US$ exchange rate","POL","Poland","2012","2012",13010.8,,
"ECONPIBN","Gross domestic product (GDP)","TCPPERMT","/capita, US$ exchange rate","POL","Poland","2013","2013",13558.3,,
"ECONPIBN","Gross domestic product (GDP)","TCPPERMT","/capita, US$ exchange rate","POL","Poland","2014","2014",14181.9,,
"ECONPIBN","Gross domestic product (GDP)","TCPPERMT","/capita, US$ exchange rate","POL","Poland","2015","2015",12560.1,,
"ECONPIBN","Gross domestic product (GDP)","TCPPERMT","/capita, US$ exchange rate","POL","Poland","2016","2016",12378.8,,
"ECONPIBN","Gross domestic product (GDP)","TCPPERMT","/capita, US$ exchange rate","POL","Poland","2017","2017",13815.5,,
"ECONPIBN","Gross domestic product (GDP)","TCPPERMT","/capita, US$ exchange rate","POL","Poland","2018","2018",15504.5,,
"ECONPIBN","Gross domestic product (GDP)","TCPPERMT","/capita, US$ exchange rate","POL","Poland","2019","2019",15700,,
"ECONPIBN","Gross domestic product (GDP)","TCPPERMT","/capita, US$ exchange rate","POL","Poland","2020","2020",15816.8,,
"ECONPIBN","Gross domestic product (GDP)","TCPPERMT","/capita, US$ exchange rate","POL","Poland","2021","2021",18050.3,,
"ECONPIBN","Gross domestic product (GDP)","TCPPERMT","/capita, US$ exchange rate","POL","Poland","2022","2022",18339.4,,
"ECONPIBN","Gross domestic product (GDP)","TCPPERMT","/capita, US$ exchange rate","PRT","Portugal","2010","2010",22520.6,,
"ECONPIBN","Gross domestic product (GDP)","TCPPERMT","/capita, US$ exchange rate","PRT","Portugal","2011","2011",23217.3,,
"ECONPIBN","Gross domestic product (GDP)","TCPPERMT","/capita, US$ exchange rate","PRT","Portugal","2012","2012",20563.7,,
"ECONPIBN","Gross domestic product (GDP)","TCPPERMT","/capita, US$ exchange rate","PRT","Portugal","2013","2013",21653.2,,
"ECONPIBN","Gross domestic product (GDP)","TCPPERMT","/capita, US$ exchange rate","PRT","Portugal","2014","2014",22103.7,,
"ECONPIBN","Gross domestic product (GDP)","TCPPERMT","/capita, US$ exchange rate","PRT","Portugal","2015","2015",19250.1,,
"ECONPIBN","Gross domestic product (GDP)","TCPPERMT","/capita, US$ exchange rate","PRT","Portugal","2016","2016",19992,,
"ECONPIBN","Gross domestic product (GDP)","TCPPERMT","/capita, US$ exchange rate","PRT","Portugal","2017","2017",21490.4,,
"ECONPIBN","Gross domestic product (GDP)","TCPPERMT","/capita, US$ exchange rate","PRT","Portugal","2018","2018",23562.5,,
"ECONPIBN","Gross domestic product (GDP)","TCPPERMT","/capita, US$ exchange rate","PRT","Portugal","2019","2019",23330.8,,
"ECONPIBN","Gross domestic product (GDP)","TCPPERMT","/capita, US$ exchange rate","PRT","Portugal","2020","2020",22242.4,,
"ECONPIBN","Gross domestic product (GDP)","TCPPERMT","/capita, US$ exchange rate","PRT","Portugal","2021","2021",24511.4,,
"ECONPIBN","Gross domestic product (GDP)","TCPPERMT","/capita, US$ exchange rate","PRT","Portugal","2022","2022",24337.7,,
"ECONPIBN","Gross domestic product (GDP)","TCPPERMT","/capita, US$ exchange rate","SVK","Slovak Republic","2010","2010",16908.8,,
"ECONPIBN","Gross domestic product (GDP)","TCPPERMT","/capita, US$ exchange rate","SVK","Slovak Republic","2011","2011",18509.7,,
"ECONPIBN","Gross domestic product (GDP)","TCPPERMT","/capita, US$ exchange rate","SVK","Slovak Republic","2012","2012",17498.4,,
"ECONPIBN","Gross domestic product (GDP)","TCPPERMT","/capita, US$ exchange rate","SVK","Slovak Republic","2013","2013",18276,,
"ECONPIBN","Gross domestic product (GDP)","TCPPERMT","/capita, US$ exchange rate","SVK","Slovak Republic","2014","2014",18720,,
"ECONPIBN","Gross domestic product (GDP)","TCPPERMT","/capita, US$ exchange rate","SVK","Slovak Republic","2015","2015",16390.9,,
"ECONPIBN","Gross domestic product (GDP)","TCPPERMT","/capita, US$ exchange rate","SVK","Slovak Republic","2016","2016",16563.4,,
"ECONPIBN","Gross domestic product (GDP)","TCPPERMT","/capita, US$ exchange rate","SVK","Slovak Republic","2017","2017",17585.2,,
"ECONPIBN","Gross domestic product (GDP)","TCPPERMT","/capita, US$ exchange rate","SVK","Slovak Republic","2018","2018",19486.4,,
"ECONPIBN","Gross domestic product (GDP)","TCPPERMT","/capita, US$ exchange rate","SVK","Slovak Republic","2019","2019",19381.6,,
"ECONPIBN","Gross domestic product (GDP)","TCPPERMT","/capita, US$ exchange rate","SVK","Slovak Republic","2020","2020",19551.6,,
"ECONPIBN","Gross domestic product (GDP)","TCPPERMT","/capita, US$ exchange rate","SVK","Slovak Republic","2021","2021",21782.9,,
"ECONPIBN","Gross domestic product (GDP)","TCPPERMT","/capita, US$ exchange rate","SVK","Slovak Republic","2022","2022",21246.5,,
"ECONPIBN","Gross domestic product (GDP)","TCPPERMT","/capita, US$ exchange rate","ESP","Spain","2010","2010",30532.5,,
"ECONPIBN","Gross domestic product (GDP)","TCPPERMT","/capita, US$ exchange rate","ESP","Spain","2011","2011",31677.9,,
"ECONPIBN","Gross domestic product (GDP)","TCPPERMT","/capita, US$ exchange rate","ESP","Spain","2012","2012",28323,,
"ECONPIBN","Gross domestic product (GDP)","TCPPERMT","/capita, US$ exchange rate","ESP","Spain","2013","2013",29077.2,,
"ECONPIBN","Gross domestic product (GDP)","TCPPERMT","/capita, US$ exchange rate","ESP","Spain","2014","2014",29513.7,,
"ECONPIBN","Gross domestic product (GDP)","TCPPERMT","/capita, US$ exchange rate","ESP","Spain","2015","2015",25754.4,,
"ECONPIBN","Gross domestic product (GDP)","TCPPERMT","/capita, US$ exchange rate","ESP","Spain","2016","2016",26537.2,,
"ECONPIBN","Gross domestic product (GDP)","TCPPERMT","/capita, US$ exchange rate","ESP","Spain","2017","2017",28185.3,,
"ECONPIBN","Gross domestic product (GDP)","TCPPERMT","/capita, US$ exchange rate","ESP","Spain","2018","2018",30379.7,,
"ECONPIBN","Gross domestic product (GDP)","TCPPERMT","/capita, US$ exchange rate","ESP","Spain","2019","2019",29581.5,,
"ECONPIBN","Gross domestic product (GDP)","TCPPERMT","/capita, US$ exchange rate","ESP","Spain","2020","2020",26959.7,,
"ECONPIBN","Gross domestic product (GDP)","TCPPERMT","/capita, US$ exchange rate","ESP","Spain","2021","2021",30103.5,,
"ECONPIBN","Gross domestic product (GDP)","TCPPERMT","/capita, US$ exchange rate","ESP","Spain","2022","2022",29462.9,,
"ECONPIBN","Gross domestic product (GDP)","TCPPERMT","/capita, US$ exchange rate","SWE","Sweden","2010","2010",52869,,
"ECONPIBN","Gross domestic product (GDP)","TCPPERMT","/capita, US$ exchange rate","SWE","Sweden","2011","2011",60755.8,,
"ECONPIBN","Gross domestic product (GDP)","TCPPERMT","/capita, US$ exchange rate","SWE","Sweden","2012","2012",58037.8,,
"ECONPIBN","Gross domestic product (GDP)","TCPPERMT","/capita, US$ exchange rate","SWE","Sweden","2013","2013",61126.9,,
"ECONPIBN","Gross domestic product (GDP)","TCPPERMT","/capita, US$ exchange rate","SWE","Sweden","2014","2014",60020.4,,
"ECONPIBN","Gross domestic product (GDP)","TCPPERMT","/capita, US$ exchange rate","SWE","Sweden","2015","2015",51545.5,,
"ECONPIBN","Gross domestic product (GDP)","TCPPERMT","/capita, US$ exchange rate","SWE","Sweden","2016","2016",51965.2,,
"ECONPIBN","Gross domestic product (GDP)","TCPPERMT","/capita, US$ exchange rate","SWE","Sweden","2017","2017",53791.5,,
"ECONPIBN","Gross domestic product (GDP)","TCPPERMT","/capita, US$ exchange rate","SWE","Sweden","2018","2018",54589.1,,
"ECONPIBN","Gross domestic product (GDP)","TCPPERMT","/capita, US$ exchange rate","SWE","Sweden","2019","2019",51939.4,,
"ECONPIBN","Gross domestic product (GDP)","TCPPERMT","/capita, US$ exchange rate","SWE","Sweden","2020","2020",52837.9,,
"ECONPIBN","Gross domestic product (GDP)","TCPPERMT","/capita, US$ exchange rate","SWE","Sweden","2021","2021",61143.2,,
"ECONPIBN","Gross domestic product (GDP)","TCPPERMT","/capita, US$ exchange rate","SWE","Sweden","2022","2022",56058.3,,
"ECONPIBN","Gross domestic product (GDP)","TCPPERMT","/capita, US$ exchange rate","CHE","Switzerland","2010","2010",76531.3,,
"ECONPIBN","Gross domestic product (GDP)","TCPPERMT","/capita, US$ exchange rate","CHE","Switzerland","2011","2011",90476.8,,
"ECONPIBN","Gross domestic product (GDP)","TCPPERMT","/capita, US$ exchange rate","CHE","Switzerland","2012","2012",85836.3,,
"ECONPIBN","Gross domestic product (GDP)","TCPPERMT","/capita, US$ exchange rate","CHE","Switzerland","2013","2013",87304.3,,
"ECONPIBN","Gross domestic product (GDP)","TCPPERMT","/capita, US$ exchange rate","CHE","Switzerland","2014","2014",88725,,
"ECONPIBN","Gross domestic product (GDP)","TCPPERMT","/capita, US$ exchange rate","CHE","Switzerland","2015","2015",83806.5,,
"ECONPIBN","Gross domestic product (GDP)","TCPPERMT","/capita, US$ exchange rate","CHE","Switzerland","2016","2016",82153.1,,
"ECONPIBN","Gross domestic product (GDP)","TCPPERMT","/capita, US$ exchange rate","CHE","Switzerland","2017","2017",82254.3,,
"ECONPIBN","Gross domestic product (GDP)","TCPPERMT","/capita, US$ exchange rate","CHE","Switzerland","2018","2018",85216.6,,
"ECONPIBN","Gross domestic product (GDP)","TCPPERMT","/capita, US$ exchange rate","CHE","Switzerland","2019","2019",84127.5,,
"ECONPIBN","Gross domestic product (GDP)","TCPPERMT","/capita, US$ exchange rate","CHE","Switzerland","2020","2020",85645.1,,
"ECONPIBN","Gross domestic product (GDP)","TCPPERMT","/capita, US$ exchange rate","CHE","Switzerland","2021","2021",91979.5,,
"ECONPIBN","Gross domestic product (GDP)","TCPPERMT","/capita, US$ exchange rate","CHE","Switzerland","2022","2022",92427.7,,
"ECONPIBN","Gross domestic product (GDP)","TCPPERMT","/capita, US$ exchange rate","TUR","Türkiye","2010","2010",10622.7,,
"ECONPIBN","Gross domestic product (GDP)","TCPPERMT","/capita, US$ exchange rate","TUR","Türkiye","2011","2011",11300.8,,
"ECONPIBN","Gross domestic product (GDP)","TCPPERMT","/capita, US$ exchange rate","TUR","Türkiye","2012","2012",11713.3,,
"ECONPIBN","Gross domestic product (GDP)","TCPPERMT","/capita, US$ exchange rate","TUR","Türkiye","2013","2013",12578.2,,
"ECONPIBN","Gross domestic product (GDP)","TCPPERMT","/capita, US$ exchange rate","TUR","Türkiye","2014","2014",12165.2,,
"ECONPIBN","Gross domestic product (GDP)","TCPPERMT","/capita, US$ exchange rate","TUR","Türkiye","2015","2015",11050,,
"ECONPIBN","Gross domestic product (GDP)","TCPPERMT","/capita, US$ exchange rate","TUR","Türkiye","2016","2016",10970,,
"ECONPIBN","Gross domestic product (GDP)","TCPPERMT","/capita, US$ exchange rate","TUR","Türkiye","2017","2017",10695.6,,
"ECONPIBN","Gross domestic product (GDP)","TCPPERMT","/capita, US$ exchange rate","TUR","Türkiye","2018","2018",9562.7,,
"ECONPIBN","Gross domestic product (GDP)","TCPPERMT","/capita, US$ exchange rate","TUR","Türkiye","2019","2019",9202.5,,
"ECONPIBN","Gross domestic product (GDP)","TCPPERMT","/capita, US$ exchange rate","TUR","Türkiye","2020","2020",8638.1,,
"ECONPIBN","Gross domestic product (GDP)","TCPPERMT","/capita, US$ exchange rate","TUR","Türkiye","2021","2021",9733.3,,
"ECONPIBN","Gross domestic product (GDP)","TCPPERMT","/capita, US$ exchange rate","GBR","United Kingdom","2010","2010",39697.6,,
"ECONPIBN","Gross domestic product (GDP)","TCPPERMT","/capita, US$ exchange rate","GBR","United Kingdom","2011","2011",42133.1,,
"ECONPIBN","Gross domestic product (GDP)","TCPPERMT","/capita, US$ exchange rate","GBR","United Kingdom","2012","2012",42482.4,,
"ECONPIBN","Gross domestic product (GDP)","TCPPERMT","/capita, US$ exchange rate","GBR","United Kingdom","2013","2013",43464.4,,
"ECONPIBN","Gross domestic product (GDP)","TCPPERMT","/capita, US$ exchange rate","GBR","United Kingdom","2014","2014",47451.6,,
"ECONPIBN","Gross domestic product (GDP)","TCPPERMT","/capita, US$ exchange rate","GBR","United Kingdom","2015","2015",45075.4,,
"ECONPIBN","Gross domestic product (GDP)","TCPPERMT","/capita, US$ exchange rate","GBR","United Kingdom","2016","2016",41123.3,,
"ECONPIBN","Gross domestic product (GDP)","TCPPERMT","/capita, US$ exchange rate","GBR","United Kingdom","2017","2017",40634.1,,
"ECONPIBN","Gross domestic product (GDP)","TCPPERMT","/capita, US$ exchange rate","GBR","United Kingdom","2018","2018",43325.3,,
"ECONPIBN","Gross domestic product (GDP)","TCPPERMT","/capita, US$ exchange rate","GBR","United Kingdom","2019","2019",42772.4,,
"ECONPIBN","Gross domestic product (GDP)","TCPPERMT","/capita, US$ exchange rate","GBR","United Kingdom","2020","2020",40318.4,,
"ECONPIBN","Gross domestic product (GDP)","TCPPERMT","/capita, US$ exchange rate","GBR","United Kingdom","2021","2021",46361.5,,
"ECONPIBN","Gross domestic product (GDP)","TCPPERMT","/capita, US$ exchange rate","GBR","United Kingdom","2022","2022",45426.9,,
"ECONPIBN","Gross domestic product (GDP)","TCPPERMT","/capita, US$ exchange rate","USA","United States","2010","2010",48650.7,,
"ECONPIBN","Gross domestic product (GDP)","TCPPERMT","/capita, US$ exchange rate","USA","United States","2011","2011",50066,,
"ECONPIBN","Gross domestic product (GDP)","TCPPERMT","/capita, US$ exchange rate","USA","United States","2012","2012",51784.4,,
"ECONPIBN","Gross domestic product (GDP)","TCPPERMT","/capita, US$ exchange rate","USA","United States","2013","2013",53291.1,,
"ECONPIBN","Gross domestic product (GDP)","TCPPERMT","/capita, US$ exchange rate","USA","United States","2014","2014",55123.9,,
"ECONPIBN","Gross domestic product (GDP)","TCPPERMT","/capita, US$ exchange rate","USA","United States","2015","2015",56762.7,,
"ECONPIBN","Gross domestic product (GDP)","TCPPERMT","/capita, US$ exchange rate","USA","United States","2016","2016",57866.7,,
"ECONPIBN","Gross domestic product (GDP)","TCPPERMT","/capita, US$ exchange rate","USA","United States","2017","2017",59907.8,,
"ECONPIBN","Gross domestic product (GDP)","TCPPERMT","/capita, US$ exchange rate","USA","United States","2018","2018",62823.3,,
"ECONPIBN","Gross domestic product (GDP)","TCPPERMT","/capita, US$ exchange rate","USA","United States","2019","2019",65120.4,,
"ECONPIBN","Gross domestic product (GDP)","TCPPERMT","/capita, US$ exchange rate","USA","United States","2020","2020",63530.6,,
"ECONPIBN","Gross domestic product (GDP)","TCPPERMT","/capita, US$ exchange rate","USA","United States","2021","2021",70248.6,,
"ECONPIBN","Gross domestic product (GDP)","TCPPERMT","/capita, US$ exchange rate","USA","United States","2022","2022",75480.4,,
"ECONPIBN","Gross domestic product (GDP)","TCPPERMT","/capita, US$ exchange rate","CHL","Chile","2010","2010",12723.1,,
"ECONPIBN","Gross domestic product (GDP)","TCPPERMT","/capita, US$ exchange rate","CHL","Chile","2011","2011",14560.2,,
"ECONPIBN","Gross domestic product (GDP)","TCPPERMT","/capita, US$ exchange rate","CHL","Chile","2012","2012",15316.7,,
"ECONPIBN","Gross domestic product (GDP)","TCPPERMT","/capita, US$ exchange rate","CHL","Chile","2013","2013",15741.6,,
"ECONPIBN","Gross domestic product (GDP)","TCPPERMT","/capita, US$ exchange rate","CHL","Chile","2014","2014",14583.5,,
"ECONPIBN","Gross domestic product (GDP)","TCPPERMT","/capita, US$ exchange rate","CHL","Chile","2015","2015",13493.5,,
"ECONPIBN","Gross domestic product (GDP)","TCPPERMT","/capita, US$ exchange rate","CHL","Chile","2016","2016",13722.5,,
"ECONPIBN","Gross domestic product (GDP)","TCPPERMT","/capita, US$ exchange rate","CHL","Chile","2017","2017",15004.2,,
"ECONPIBN","Gross domestic product (GDP)","TCPPERMT","/capita, US$ exchange rate","CHL","Chile","2018","2018",15753.6,,
"ECONPIBN","Gross domestic product (GDP)","TCPPERMT","/capita, US$ exchange rate","CHL","Chile","2019","2019",14575.3,,
"ECONPIBN","Gross domestic product (GDP)","TCPPERMT","/capita, US$ exchange rate","CHL","Chile","2020","2020",13058.5,,
"ECONPIBN","Gross domestic product (GDP)","TCPPERMT","/capita, US$ exchange rate","CHL","Chile","2021","2021",16094.5,,
"ECONPIBN","Gross domestic product (GDP)","TCPPERMT","/capita, US$ exchange rate","CHL","Chile","2022","2022",15164.3,,
"ECONPIBN","Gross domestic product (GDP)","TCPPERMT","/capita, US$ exchange rate","EST","Estonia","2010","2010",14671.8,,
"ECONPIBN","Gross domestic product (GDP)","TCPPERMT","/capita, US$ exchange rate","EST","Estonia","2011","2011",17487.8,,
"ECONPIBN","Gross domestic product (GDP)","TCPPERMT","/capita, US$ exchange rate","EST","Estonia","2012","2012",17403.2,,
"ECONPIBN","Gross domestic product (GDP)","TCPPERMT","/capita, US$ exchange rate","EST","Estonia","2013","2013",19056,,
"ECONPIBN","Gross domestic product (GDP)","TCPPERMT","/capita, US$ exchange rate","EST","Estonia","2014","2014",20261.1,,
"ECONPIBN","Gross domestic product (GDP)","TCPPERMT","/capita, US$ exchange rate","EST","Estonia","2015","2015",17402,,
"ECONPIBN","Gross domestic product (GDP)","TCPPERMT","/capita, US$ exchange rate","EST","Estonia","2016","2016",18295.4,,
"ECONPIBN","Gross domestic product (GDP)","TCPPERMT","/capita, US$ exchange rate","EST","Estonia","2017","2017",20437.8,,
"ECONPIBN","Gross domestic product (GDP)","TCPPERMT","/capita, US$ exchange rate","EST","Estonia","2018","2018",23165.8,,
"ECONPIBN","Gross domestic product (GDP)","TCPPERMT","/capita, US$ exchange rate","EST","Estonia","2019","2019",23424.5,,
"ECONPIBN","Gross domestic product (GDP)","TCPPERMT","/capita, US$ exchange rate","EST","Estonia","2020","2020",23595.3,,
"ECONPIBN","Gross domestic product (GDP)","TCPPERMT","/capita, US$ exchange rate","EST","Estonia","2021","2021",27943.7,,
"ECONPIBN","Gross domestic product (GDP)","TCPPERMT","/capita, US$ exchange rate","EST","Estonia","2022","2022",28608.6,,
"ECONPIBN","Gross domestic product (GDP)","TCPPERMT","/capita, US$ exchange rate","ISR","Israel","2010","2010",31266.8,,
"ECONPIBN","Gross domestic product (GDP)","TCPPERMT","/capita, US$ exchange rate","ISR","Israel","2011","2011",34354.6,,
"ECONPIBN","Gross domestic product (GDP)","TCPPERMT","/capita, US$ exchange rate","ISR","Israel","2012","2012",33156.1,,
"ECONPIBN","Gross domestic product (GDP)","TCPPERMT","/capita, US$ exchange rate","ISR","Israel","2013","2013",36942,,
"ECONPIBN","Gross domestic product (GDP)","TCPPERMT","/capita, US$ exchange rate","ISR","Israel","2014","2014",38259.8,,
"ECONPIBN","Gross domestic product (GDP)","TCPPERMT","/capita, US$ exchange rate","ISR","Israel","2015","2015",36206.3,,
"ECONPIBN","Gross domestic product (GDP)","TCPPERMT","/capita, US$ exchange rate","ISR","Israel","2016","2016",37690.5,,
"ECONPIBN","Gross domestic product (GDP)","TCPPERMT","/capita, US$ exchange rate","ISR","Israel","2017","2017",41115,,
"ECONPIBN","Gross domestic product (GDP)","TCPPERMT","/capita, US$ exchange rate","ISR","Israel","2018","2018",42407,,
"ECONPIBN","Gross domestic product (GDP)","TCPPERMT","/capita, US$ exchange rate","ISR","Israel","2019","2019",44452.1,,
"ECONPIBN","Gross domestic product (GDP)","TCPPERMT","/capita, US$ exchange rate","ISR","Israel","2020","2020",44846.7,,
"ECONPIBN","Gross domestic product (GDP)","TCPPERMT","/capita, US$ exchange rate","ISR","Israel","2021","2021",52129.5,,
"ECONPIBN","Gross domestic product (GDP)","TCPPERMT","/capita, US$ exchange rate","ISR","Israel","2022","2022",54608.6,,
"ECONPIBN","Gross domestic product (GDP)","TCPPERMT","/capita, US$ exchange rate","SVN","Slovenia","2010","2010",23532.5,,
"ECONPIBN","Gross domestic product (GDP)","TCPPERMT","/capita, US$ exchange rate","SVN","Slovenia","2011","2011",25128,,
"ECONPIBN","Gross domestic product (GDP)","TCPPERMT","/capita, US$ exchange rate","SVN","Slovenia","2012","2012",22641.8,,
"ECONPIBN","Gross domestic product (GDP)","TCPPERMT","/capita, US$ exchange rate","SVN","Slovenia","2013","2013",23503.3,,
"ECONPIBN","Gross domestic product (GDP)","TCPPERMT","/capita, US$ exchange rate","SVN","Slovenia","2014","2014",24247.2,,
"ECONPIBN","Gross domestic product (GDP)","TCPPERMT","/capita, US$ exchange rate","SVN","Slovenia","2015","2015",20890.2,,
"ECONPIBN","Gross domestic product (GDP)","TCPPERMT","/capita, US$ exchange rate","SVN","Slovenia","2016","2016",21678.4,,
"ECONPIBN","Gross domestic product (GDP)","TCPPERMT","/capita, US$ exchange rate","SVN","Slovenia","2017","2017",23514,,
"ECONPIBN","Gross domestic product (GDP)","TCPPERMT","/capita, US$ exchange rate","SVN","Slovenia","2018","2018",26123.7,,
"ECONPIBN","Gross domestic product (GDP)","TCPPERMT","/capita, US$ exchange rate","SVN","Slovenia","2019","2019",26016.1,,
"ECONPIBN","Gross domestic product (GDP)","TCPPERMT","/capita, US$ exchange rate","SVN","Slovenia","2020","2020",25545.3,,
"ECONPIBN","Gross domestic product (GDP)","TCPPERMT","/capita, US$ exchange rate","SVN","Slovenia","2021","2021",29291.4,,
"ECONPIBN","Gross domestic product (GDP)","TCPPERMT","/capita, US$ exchange rate","SVN","Slovenia","2022","2022",29479.1,,
"ECONPIBN","Gross domestic product (GDP)","TCPPERMT","/capita, US$ exchange rate","COL","Colombia","2010","2010",6295.3,,
"ECONPIBN","Gross domestic product (GDP)","TCPPERMT","/capita, US$ exchange rate","COL","Colombia","2011","2011",7274.8,,
"ECONPIBN","Gross domestic product (GDP)","TCPPERMT","/capita, US$ exchange rate","COL","Colombia","2012","2012",7957.8,,
"ECONPIBN","Gross domestic product (GDP)","TCPPERMT","/capita, US$ exchange rate","COL","Colombia","2013","2013",8108.8,,
"ECONPIBN","Gross domestic product (GDP)","TCPPERMT","/capita, US$ exchange rate","COL","Colombia","2014","2014",7998.9,,
"ECONPIBN","Gross domestic product (GDP)","TCPPERMT","/capita, US$ exchange rate","COL","Colombia","2015","2015",6088.6,,
"ECONPIBN","Gross domestic product (GDP)","TCPPERMT","/capita, US$ exchange rate","COL","Colombia","2016","2016",5799.7,,
"ECONPIBN","Gross domestic product (GDP)","TCPPERMT","/capita, US$ exchange rate","COL","Colombia","2017","2017",6327,,
"ECONPIBN","Gross domestic product (GDP)","TCPPERMT","/capita, US$ exchange rate","COL","Colombia","2018","2018",6706.2,,
"ECONPIBN","Gross domestic product (GDP)","TCPPERMT","/capita, US$ exchange rate","COL","Colombia","2019","2019",6412.6,,
"ECONPIBN","Gross domestic product (GDP)","TCPPERMT","/capita, US$ exchange rate","COL","Colombia","2020","2020",5306.3,,
"ECONPIBN","Gross domestic product (GDP)","TCPPERMT","/capita, US$ exchange rate","COL","Colombia","2021","2021",6175.9,,
"ECONPIBN","Gross domestic product (GDP)","TCPPERMT","/capita, US$ exchange rate","COL","Colombia","2022","2022",6638.3,,
"ECONPIBN","Gross domestic product (GDP)","TCPPERMT","/capita, US$ exchange rate","LVA","Latvia","2010","2010",11424.7,,
"ECONPIBN","Gross domestic product (GDP)","TCPPERMT","/capita, US$ exchange rate","LVA","Latvia","2011","2011",13454.3,,
"ECONPIBN","Gross domestic product (GDP)","TCPPERMT","/capita, US$ exchange rate","LVA","Latvia","2012","2012",13850.2,,
"ECONPIBN","Gross domestic product (GDP)","TCPPERMT","/capita, US$ exchange rate","LVA","Latvia","2013","2013",15005.6,,
"ECONPIBN","Gross domestic product (GDP)","TCPPERMT","/capita, US$ exchange rate","LVA","Latvia","2014","2014",15742.4,,
"ECONPIBN","Gross domestic product (GDP)","TCPPERMT","/capita, US$ exchange rate","LVA","Latvia","2015","2015",13786.5,,
"ECONPIBN","Gross domestic product (GDP)","TCPPERMT","/capita, US$ exchange rate","LVA","Latvia","2016","2016",14331.8,,
"ECONPIBN","Gross domestic product (GDP)","TCPPERMT","/capita, US$ exchange rate","LVA","Latvia","2017","2017",15695.1,,
"ECONPIBN","Gross domestic product (GDP)","TCPPERMT","/capita, US$ exchange rate","LVA","Latvia","2018","2018",17865,,
"ECONPIBN","Gross domestic product (GDP)","TCPPERMT","/capita, US$ exchange rate","LVA","Latvia","2019","2019",17945.2,,
"ECONPIBN","Gross domestic product (GDP)","TCPPERMT","/capita, US$ exchange rate","LVA","Latvia","2020","2020",18207.1,,
"ECONPIBN","Gross domestic product (GDP)","TCPPERMT","/capita, US$ exchange rate","LVA","Latvia","2021","2021",21080.2,,
"ECONPIBN","Gross domestic product (GDP)","TCPPERMT","/capita, US$ exchange rate","LVA","Latvia","2022","2022",21939.9,,
"ECONPIBN","Gross domestic product (GDP)","TCPPERMT","/capita, US$ exchange rate","LTU","Lithuania","2010","2010",11990.7,,
"ECONPIBN","Gross domestic product (GDP)","TCPPERMT","/capita, US$ exchange rate","LTU","Lithuania","2011","2011",14392.5,,
"ECONPIBN","Gross domestic product (GDP)","TCPPERMT","/capita, US$ exchange rate","LTU","Lithuania","2012","2012",14373,,
"ECONPIBN","Gross domestic product (GDP)","TCPPERMT","/capita, US$ exchange rate","LTU","Lithuania","2013","2013",15726.8,,
"ECONPIBN","Gross domestic product (GDP)","TCPPERMT","/capita, US$ exchange rate","LTU","Lithuania","2014","2014",16564.8,,
"ECONPIBN","Gross domestic product (GDP)","TCPPERMT","/capita, US$ exchange rate","LTU","Lithuania","2015","2015",14264.1,,
"ECONPIBN","Gross domestic product (GDP)","TCPPERMT","/capita, US$ exchange rate","LTU","Lithuania","2016","2016",15008.4,,
"ECONPIBN","Gross domestic product (GDP)","TCPPERMT","/capita, US$ exchange rate","LTU","Lithuania","2017","2017",16885.3,,
"ECONPIBN","Gross domestic product (GDP)","TCPPERMT","/capita, US$ exchange rate","LTU","Lithuania","2018","2018",19186.3,,
"ECONPIBN","Gross domestic product (GDP)","TCPPERMT","/capita, US$ exchange rate","LTU","Lithuania","2019","2019",19598.4,,
"ECONPIBN","Gross domestic product (GDP)","TCPPERMT","/capita, US$ exchange rate","LTU","Lithuania","2020","2020",20363.9,,
"ECONPIBN","Gross domestic product (GDP)","TCPPERMT","/capita, US$ exchange rate","LTU","Lithuania","2021","2021",23712.5,,
"ECONPIBN","Gross domestic product (GDP)","TCPPERMT","/capita, US$ exchange rate","LTU","Lithuania","2022","2022",25065.7,,
"ECONPIBN","Gross domestic product (GDP)","TCPPERMT","/capita, US$ exchange rate","CRI","Costa Rica","2010","2010",8306,,
"ECONPIBN","Gross domestic product (GDP)","TCPPERMT","/capita, US$ exchange rate","CRI","Costa Rica","2011","2011",9312.1,,
"ECONPIBN","Gross domestic product (GDP)","TCPPERMT","/capita, US$ exchange rate","CRI","Costa Rica","2012","2012",10152,,
"ECONPIBN","Gross domestic product (GDP)","TCPPERMT","/capita, US$ exchange rate","CRI","Costa Rica","2013","2013",10810.1,,
"ECONPIBN","Gross domestic product (GDP)","TCPPERMT","/capita, US$ exchange rate","CRI","Costa Rica","2014","2014",10897.8,,
"ECONPIBN","Gross domestic product (GDP)","TCPPERMT","/capita, US$ exchange rate","CRI","Costa Rica","2015","2015",11680.3,,
"ECONPIBN","Gross domestic product (GDP)","TCPPERMT","/capita, US$ exchange rate","CRI","Costa Rica","2016","2016",12033.2,,
"ECONPIBN","Gross domestic product (GDP)","TCPPERMT","/capita, US$ exchange rate","CRI","Costa Rica","2017","2017",12231.7,,
"ECONPIBN","Gross domestic product (GDP)","TCPPERMT","/capita, US$ exchange rate","CRI","Costa Rica","2018","2018",12475.5,,
"ECONPIBN","Gross domestic product (GDP)","TCPPERMT","/capita, US$ exchange rate","CRI","Costa Rica","2019","2019",12735.8,,
"ECONPIBN","Gross domestic product (GDP)","TCPPERMT","/capita, US$ exchange rate","CRI","Costa Rica","2020","2020",12207.5,,
"ECONPIBN","Gross domestic product (GDP)","TCPPERMT","/capita, US$ exchange rate","CRI","Costa Rica","2021","2021",12515.2,,
"ECONPIBN","Gross domestic product (GDP)","TCPPERMT","/capita, US$ exchange rate","CRI","Costa Rica","2022","2022",13116.4,,
