Country,COU,YEA,Time Code,Unemployment_Percent
Afghanistan,AFG,2012.0,YR2012,1.692
Afghanistan,AFG,2014.0,YR2014,7.915
Afghanistan,AFG,2017.0,YR2017,11.184
Afghanistan,AFG,2020.0,YR2020,11.71
Afghanistan,AFG,2021.0,YR2021,5.58
Africa Western and Central,AFW,2014.0,YR2014,4.35626084714829
Africa Western and Central,AFW,2017.0,YR2017,6.99194301375748
Albania,ALB,2000.0,YR2000,16.8
Albania,ALB,2010.0,YR2010,14.086
Albania,ALB,2011.0,YR2011,13.481
Albania,ALB,2012.0,YR2012,13.376
Albania,ALB,2013.0,YR2013,15.866
Albania,ALB,2014.0,YR2014,18.055
Albania,ALB,2015.0,YR2015,17.193
Albania,ALB,2016.0,YR2016,15.418
Albania,ALB,2017.0,YR2017,13.616
Albania,ALB,2018.0,YR2018,12.304
Albania,ALB,2019.0,YR2019,11.466
Algeria,DZA,2000.0,YR2000,29.77
Algeria,DZA,2010.0,YR2010,9.96
Algeria,DZA,2011.0,YR2011,9.96
Algeria,DZA,2012.0,YR2012,10.97
Algeria,DZA,2013.0,YR2013,9.82
Algeria,DZA,2014.0,YR2014,10.207
Algeria,DZA,2015.0,YR2015,11.206
Algeria,DZA,2016.0,YR2016,10.202
Algeria,DZA,2017.0,YR2017,12
American Samoa,ASM,2000.0,YR2000,5.05
American Samoa,ASM,2010.0,YR2010,9.2
Angola,AGO,2010.0,YR2010,9.43
Angola,AGO,2011.0,YR2011,16.77
Angola,AGO,2014.0,YR2014,9.579
Angola,AGO,2019.0,YR2019,16.497
Angola,AGO,2021.0,YR2021,15.799
Arab World,ARB,2010.0,YR2010,9.20955005998673
Arab World,ARB,2012.0,YR2012,10.5607422381452
Arab World,ARB,2014.0,YR2014,10.7215645603588
Arab World,ARB,2016.0,YR2016,9.62934912767634
Argentina,ARG,2000.0,YR2000,15
Argentina,ARG,2010.0,YR2010,7.714
Argentina,ARG,2011.0,YR2011,7.18
Argentina,ARG,2012.0,YR2012,7.217
Argentina,ARG,2013.0,YR2013,7.1
Argentina,ARG,2014.0,YR2014,7.268
Argentina,ARG,2017.0,YR2017,8.347
Argentina,ARG,2018.0,YR2018,9.221
Argentina,ARG,2019.0,YR2019,9.843
Argentina,ARG,2020.0,YR2020,11.461
Argentina,ARG,2021.0,YR2021,8.736
Argentina,ARG,2022.0,YR2022,6.805
Armenia,ARM,2010.0,YR2010,19.523
Armenia,ARM,2011.0,YR2011,21.63
Armenia,ARM,2012.0,YR2012,17.511
Armenia,ARM,2013.0,YR2013,16.576
Armenia,ARM,2014.0,YR2014,17.499
Armenia,ARM,2015.0,YR2015,18.261
Armenia,ARM,2016.0,YR2016,17.617
Armenia,ARM,2017.0,YR2017,17.705
Armenia,ARM,2018.0,YR2018,13.212
Armenia,ARM,2019.0,YR2019,12.2
Armenia,ARM,2020.0,YR2020,12.18
Armenia,ARM,2021.0,YR2021,10.012
Aruba,ABW,2000.0,YR2000,6.92
Aruba,ABW,2010.0,YR2010,10.6
Aruba,ABW,2011.0,YR2011,8.9
Azerbaijan,AZE,2000.0,YR2000,11.78
Azerbaijan,AZE,2010.0,YR2010,5.63
Azerbaijan,AZE,2011.0,YR2011,5.42
Azerbaijan,AZE,2012.0,YR2012,5.19
Azerbaijan,AZE,2013.0,YR2013,4.97
Azerbaijan,AZE,2014.0,YR2014,4.91
Azerbaijan,AZE,2015.0,YR2015,4.96
Azerbaijan,AZE,2016.0,YR2016,5
Azerbaijan,AZE,2017.0,YR2017,5
Azerbaijan,AZE,2018.0,YR2018,4.9
Azerbaijan,AZE,2019.0,YR2019,5
Azerbaijan,AZE,2020.0,YR2020,7.24
Azerbaijan,AZE,2021.0,YR2021,6.04
Azerbaijan,AZE,2022.0,YR2022,5.65
"Bahamas, The",BHS,2011.0,YR2011,14.52
"Bahamas, The",BHS,2012.0,YR2012,14.02
"Bahamas, The",BHS,2013.0,YR2013,16.18
"Bahamas, The",BHS,2014.0,YR2014,13.8
"Bahamas, The",BHS,2015.0,YR2015,12
"Bahamas, The",BHS,2016.0,YR2016,12.7
"Bahamas, The",BHS,2017.0,YR2017,9.8
"Bahamas, The",BHS,2018.0,YR2018,10
Bahrain,BHR,2010.0,YR2010,1.13
Bahrain,BHR,2011.0,YR2011,4
Bahrain,BHR,2012.0,YR2012,1.2
Bangladesh,BGD,2000.0,YR2000,3.27
Bangladesh,BGD,2010.0,YR2010,3.379
Bangladesh,BGD,2013.0,YR2013,4.426
Bangladesh,BGD,2016.0,YR2016,4.35
Bangladesh,BGD,2017.0,YR2017,4.372
Bangladesh,BGD,2022.0,YR2022,5.247
Barbados,BRB,2000.0,YR2000,9.35
Barbados,BRB,2010.0,YR2010,10.69
Barbados,BRB,2013.0,YR2013,11.55
Barbados,BRB,2014.0,YR2014,12.17
Barbados,BRB,2015.0,YR2015,9.803
Barbados,BRB,2016.0,YR2016,8.247
Barbados,BRB,2017.0,YR2017,8.622
Barbados,BRB,2018.0,YR2018,8.322
Barbados,BRB,2019.0,YR2019,8.413
Belarus,BLR,2000.0,YR2000,2.1
Belarus,BLR,2011.0,YR2011,0.6
Belarus,BLR,2012.0,YR2012,0.5
Belarus,BLR,2013.0,YR2013,0.5
Belarus,BLR,2014.0,YR2014,0.5
Belarus,BLR,2015.0,YR2015,1
Belarus,BLR,2016.0,YR2016,5.844
Belarus,BLR,2017.0,YR2017,5.648
Belarus,BLR,2018.0,YR2018,4.763
Belarus,BLR,2019.0,YR2019,4.165
Belarus,BLR,2020.0,YR2020,4.049
Belarus,BLR,2021.0,YR2021,3.9
Belarus,BLR,2022.0,YR2022,3.574
Belize,BLZ,2013.0,YR2013,8.349
Belize,BLZ,2014.0,YR2014,8.244
Belize,BLZ,2015.0,YR2015,7.578
Belize,BLZ,2016.0,YR2016,7
Belize,BLZ,2017.0,YR2017,6.596
Belize,BLZ,2019.0,YR2019,9.053
Belize,BLZ,2021.0,YR2021,10.157
Benin,BEN,2010.0,YR2010,1.04
Benin,BEN,2011.0,YR2011,2.647
Benin,BEN,2018.0,YR2018,1.473
Bermuda,BMU,2000.0,YR2000,2.71
Bermuda,BMU,2010.0,YR2010,6.49
Bermuda,BMU,2012.0,YR2012,8.44
Bermuda,BMU,2013.0,YR2013,6.66
Bermuda,BMU,2014.0,YR2014,8.94
Bhutan,BTN,2010.0,YR2010,3.32
Bhutan,BTN,2011.0,YR2011,3.23
Bhutan,BTN,2012.0,YR2012,2.05
Bhutan,BTN,2013.0,YR2013,2.87
Bhutan,BTN,2014.0,YR2014,2.63
Bhutan,BTN,2015.0,YR2015,2.45
Bhutan,BTN,2018.0,YR2018,3.35
Bhutan,BTN,2019.0,YR2019,2.72
Bhutan,BTN,2020.0,YR2020,5.03
Bhutan,BTN,2021.0,YR2021,4.804
Bhutan,BTN,2022.0,YR2022,5.947
Bolivia,BOL,2000.0,YR2000,4.47
Bolivia,BOL,2011.0,YR2011,2.255
Bolivia,BOL,2012.0,YR2012,2.066
Bolivia,BOL,2013.0,YR2013,2.437
Bolivia,BOL,2014.0,YR2014,2.021
Bolivia,BOL,2015.0,YR2015,3.111
Bolivia,BOL,2016.0,YR2016,3.498
Bolivia,BOL,2017.0,YR2017,3.655
Bolivia,BOL,2018.0,YR2018,3.519
Bolivia,BOL,2019.0,YR2019,3.682
Bolivia,BOL,2020.0,YR2020,7.903
Bolivia,BOL,2021.0,YR2021,5.089
Bolivia,BOL,2022.0,YR2022,3.552
Bosnia and Herzegovina,BIH,2010.0,YR2010,27.312
Bosnia and Herzegovina,BIH,2011.0,YR2011,27.582
Bosnia and Herzegovina,BIH,2012.0,YR2012,28.01
Bosnia and Herzegovina,BIH,2013.0,YR2013,27.49
Bosnia and Herzegovina,BIH,2014.0,YR2014,27.517
Bosnia and Herzegovina,BIH,2015.0,YR2015,27.695
Bosnia and Herzegovina,BIH,2016.0,YR2016,25.408
Bosnia and Herzegovina,BIH,2017.0,YR2017,20.527
Bosnia and Herzegovina,BIH,2018.0,YR2018,18.4
Bosnia and Herzegovina,BIH,2019.0,YR2019,15.692
Bosnia and Herzegovina,BIH,2020.0,YR2020,15.868
Bosnia and Herzegovina,BIH,2021.0,YR2021,14.897
Bosnia and Herzegovina,BIH,2022.0,YR2022,12.657
Botswana,BWA,2000.0,YR2000,15.88
Botswana,BWA,2010.0,YR2010,17.86
Botswana,BWA,2019.0,YR2019,20.094
Botswana,BWA,2020.0,YR2020,21.017
Botswana,BWA,2021.0,YR2021,23.106
Botswana,BWA,2022.0,YR2022,23.615
Brazil,BRA,2011.0,YR2011,7.578
Brazil,BRA,2012.0,YR2012,7.251
Brazil,BRA,2013.0,YR2013,7.071
Brazil,BRA,2014.0,YR2014,6.755
Brazil,BRA,2015.0,YR2015,8.538
Brazil,BRA,2016.0,YR2016,11.58
Brazil,BRA,2017.0,YR2017,12.792
Brazil,BRA,2018.0,YR2018,12.33
Brazil,BRA,2019.0,YR2019,11.936
Brazil,BRA,2020.0,YR2020,13.697
Brazil,BRA,2021.0,YR2021,13.159
Brazil,BRA,2022.0,YR2022,9.231
Brunei Darussalam,BRN,2014.0,YR2014,6.862
Brunei Darussalam,BRN,2017.0,YR2017,9.316
Brunei Darussalam,BRN,2018.0,YR2018,8.7
Brunei Darussalam,BRN,2019.0,YR2019,6.6
Brunei Darussalam,BRN,2020.0,YR2020,7.409
Brunei Darussalam,BRN,2021.0,YR2021,4.905
Brunei Darussalam,BRN,2022.0,YR2022,5.191
Bulgaria,BGR,2000.0,YR2000,16.218
Bulgaria,BGR,2010.0,YR2010,10.279
Bulgaria,BGR,2011.0,YR2011,11.26
Bulgaria,BGR,2012.0,YR2012,12.27
Bulgaria,BGR,2013.0,YR2013,12.941
Bulgaria,BGR,2014.0,YR2014,11.424
Bulgaria,BGR,2015.0,YR2015,9.143
Bulgaria,BGR,2016.0,YR2016,7.575
Bulgaria,BGR,2017.0,YR2017,6.164
Bulgaria,BGR,2018.0,YR2018,5.212
Bulgaria,BGR,2019.0,YR2019,4.23
Bulgaria,BGR,2020.0,YR2020,5.125
Bulgaria,BGR,2021.0,YR2021,5.267
Bulgaria,BGR,2022.0,YR2022,4.268
Burkina Faso,BFA,2014.0,YR2014,6.481
Burkina Faso,BFA,2018.0,YR2018,4.695
Burundi,BDI,2014.0,YR2014,1.572
Burundi,BDI,2020.0,YR2020,1.03
Cabo Verde,CPV,2010.0,YR2010,10.67
Cabo Verde,CPV,2015.0,YR2015,31.313
Cabo Verde,CPV,2017.0,YR2017,12.24
Cabo Verde,CPV,2018.0,YR2018,12.17
Cabo Verde,CPV,2019.0,YR2019,11.29
Cambodia,KHM,2000.0,YR2000,2.764
Cambodia,KHM,2010.0,YR2010,0.771
Cambodia,KHM,2011.0,YR2011,0.577
Cambodia,KHM,2012.0,YR2012,1.279
Cambodia,KHM,2013.0,YR2013,0.438
Cambodia,KHM,2014.0,YR2014,0.692
Cambodia,KHM,2015.0,YR2015,0.393
Cambodia,KHM,2016.0,YR2016,0.716
Cambodia,KHM,2017.0,YR2017,0.141
Cambodia,KHM,2019.0,YR2019,0.499
Cambodia,KHM,2020.0,YR2020,0.172
Cambodia,KHM,2021.0,YR2021,0.396
Cameroon,CMR,2010.0,YR2010,4.11
Cameroon,CMR,2014.0,YR2014,3.534
Cameroon,CMR,2021.0,YR2021,6.14
Caribbean small states,CSS,2010.0,YR2010,6.69951815845286
Caribbean small states,CSS,2011.0,YR2011,7.66059906272039
Caribbean small states,CSS,2012.0,YR2012,8.09209479876111
Caribbean small states,CSS,2013.0,YR2013,8.6692290897356
Caribbean small states,CSS,2014.0,YR2014,7.69320830893932
Caribbean small states,CSS,2015.0,YR2015,9.67498658503388
Caribbean small states,CSS,2016.0,YR2016,7.47115777273485
Caribbean small states,CSS,2019.0,YR2019,6.26410425742386
Cayman Islands,CYM,2010.0,YR2010,6.25
Cayman Islands,CYM,2011.0,YR2011,6.78
Cayman Islands,CYM,2012.0,YR2012,6.21
Cayman Islands,CYM,2013.0,YR2013,6.27
Cayman Islands,CYM,2014.0,YR2014,4.7
Cayman Islands,CYM,2015.0,YR2015,4.24
Central Europe and the Baltics,CEB,2000.0,YR2000,12.4213826164116
Central Europe and the Baltics,CEB,2010.0,YR2010,9.89852171467373
Central Europe and the Baltics,CEB,2011.0,YR2011,9.78925887607786
Central Europe and the Baltics,CEB,2012.0,YR2012,9.97937191003944
Central Europe and the Baltics,CEB,2013.0,YR2013,10.0481870905186
Central Europe and the Baltics,CEB,2014.0,YR2014,8.86413733524672
Central Europe and the Baltics,CEB,2015.0,YR2015,7.82265664366544
Central Europe and the Baltics,CEB,2016.0,YR2016,6.49345477676331
Central Europe and the Baltics,CEB,2017.0,YR2017,5.29764711939543
Central Europe and the Baltics,CEB,2018.0,YR2018,4.31558554732781
Central Europe and the Baltics,CEB,2019.0,YR2019,3.78084720704764
Central Europe and the Baltics,CEB,2020.0,YR2020,4.3737883559419
Central Europe and the Baltics,CEB,2021.0,YR2021,4.48659332388068
Central Europe and the Baltics,CEB,2022.0,YR2022,4.00665058791919
Chad,TCD,2018.0,YR2018,1.135
Chile,CHL,2000.0,YR2000,10.491
Chile,CHL,2010.0,YR2010,8.547
Chile,CHL,2011.0,YR2011,7.492
Chile,CHL,2012.0,YR2012,6.79
Chile,CHL,2013.0,YR2013,6.361
Chile,CHL,2014.0,YR2014,6.761
Chile,CHL,2015.0,YR2015,6.605
Chile,CHL,2016.0,YR2016,6.926
Chile,CHL,2017.0,YR2017,7.29
Chile,CHL,2018.0,YR2018,7.647
Chile,CHL,2019.0,YR2019,7.533
Chile,CHL,2020.0,YR2020,11.006
Chile,CHL,2021.0,YR2021,9.325
Chile,CHL,2022.0,YR2022,8.299
China,CHN,2000.0,YR2000,3.707
China,CHN,2010.0,YR2010,4.1
China,CHN,2011.0,YR2011,4.1
China,CHN,2012.0,YR2012,4.1
China,CHN,2013.0,YR2013,4.05
China,CHN,2014.0,YR2014,4.1
China,CHN,2017.0,YR2017,3.9
China,CHN,2018.0,YR2018,4.93
China,CHN,2019.0,YR2019,5.15
China,CHN,2020.0,YR2020,5.61
China,CHN,2021.0,YR2021,5.11
Comoros,COM,2014.0,YR2014,8.143
Comoros,COM,2021.0,YR2021,5.857
"Congo, Dem. Rep.",COD,2012.0,YR2012,4.485
"Congo, Dem. Rep.",COD,2020.0,YR2020,1.466
"Congo, Rep.",COG,2012.0,YR2012,10
Cote d'Ivoire,CIV,2012.0,YR2012,7.223
Cote d'Ivoire,CIV,2013.0,YR2013,4.255
Cote d'Ivoire,CIV,2016.0,YR2016,1.896
Cote d'Ivoire,CIV,2017.0,YR2017,3.273
Cote d'Ivoire,CIV,2019.0,YR2019,2.401
Croatia,HRV,2000.0,YR2000,16.064
Croatia,HRV,2010.0,YR2010,11.62
Croatia,HRV,2011.0,YR2011,13.678
Croatia,HRV,2012.0,YR2012,15.935
Croatia,HRV,2013.0,YR2013,17.251
Croatia,HRV,2014.0,YR2014,17.29
Croatia,HRV,2015.0,YR2015,16.175
Croatia,HRV,2016.0,YR2016,13.103
Croatia,HRV,2017.0,YR2017,11.208
Croatia,HRV,2018.0,YR2018,8.432
Croatia,HRV,2019.0,YR2019,6.617
Croatia,HRV,2020.0,YR2020,7.507
Croatia,HRV,2021.0,YR2021,7.608
Croatia,HRV,2022.0,YR2022,6.96
Cuba,CUB,2000.0,YR2000,5.45
Cuba,CUB,2010.0,YR2010,2.5
Cuba,CUB,2011.0,YR2011,3.18
Cuba,CUB,2012.0,YR2012,3.46
Cuba,CUB,2013.0,YR2013,3.29
Cuba,CUB,2014.0,YR2014,2.7
Cuba,CUB,2015.0,YR2015,2.4
Cuba,CUB,2016.0,YR2016,2
Cuba,CUB,2017.0,YR2017,1.7
Cuba,CUB,2018.0,YR2018,1.7
Curacao,CUW,2011.0,YR2011,9.78
Curacao,CUW,2013.0,YR2013,13.03
Curacao,CUW,2014.0,YR2014,12.61
Curacao,CUW,2015.0,YR2015,11.71
Curacao,CUW,2018.0,YR2018,13.43
Curacao,CUW,2020.0,YR2020,19.07
Cyprus,CYP,2000.0,YR2000,4.766
Cyprus,CYP,2010.0,YR2010,6.36
Cyprus,CYP,2011.0,YR2011,10.99
Cyprus,CYP,2012.0,YR2012,12.097
Cyprus,CYP,2013.0,YR2013,16.131
Cyprus,CYP,2014.0,YR2014,16.277
Cyprus,CYP,2015.0,YR2015,15.026
Cyprus,CYP,2016.0,YR2016,13.006
Cyprus,CYP,2017.0,YR2017,11.155
Cyprus,CYP,2018.0,YR2018,8.504
Cyprus,CYP,2019.0,YR2019,7.155
Cyprus,CYP,2020.0,YR2020,7.755
Cyprus,CYP,2021.0,YR2021,7.513
Cyprus,CYP,2022.0,YR2022,6.807
Djibouti,DJI,2017.0,YR2017,26.064
Dominican Republic,DOM,2000.0,YR2000,6.432
Dominican Republic,DOM,2010.0,YR2010,5.212
Dominican Republic,DOM,2011.0,YR2011,6.087
Dominican Republic,DOM,2012.0,YR2012,6.722
Dominican Republic,DOM,2013.0,YR2013,7.352
Dominican Republic,DOM,2014.0,YR2014,6.719
Dominican Republic,DOM,2015.0,YR2015,7.605
Dominican Republic,DOM,2016.0,YR2016,7.284
Dominican Republic,DOM,2017.0,YR2017,5.832
Dominican Republic,DOM,2018.0,YR2018,5.861
Dominican Republic,DOM,2019.0,YR2019,6.356
Dominican Republic,DOM,2020.0,YR2020,6.126
Dominican Republic,DOM,2021.0,YR2021,7.702
Dominican Republic,DOM,2022.0,YR2022,5.504
Early-demographic dividend,EAR,2000.0,YR2000,5.39924704068765
Early-demographic dividend,EAR,2010.0,YR2010,4.88747967322467
Early-demographic dividend,EAR,2012.0,YR2012,4.95689667614491
Early-demographic dividend,EAR,2018.0,YR2018,6.95629833463036
Early-demographic dividend,EAR,2019.0,YR2019,6.3491939634494
Early-demographic dividend,EAR,2020.0,YR2020,7.43547334777583
Early-demographic dividend,EAR,2021.0,YR2021,6.52535280420458
Early-demographic dividend,EAR,2022.0,YR2022,5.4473843444368
East Asia & Pacific,EAS,2000.0,YR2000,4.14358085282873
East Asia & Pacific,EAS,2010.0,YR2010,4.01064467014637
East Asia & Pacific,EAS,2011.0,YR2011,3.91256276391222
East Asia & Pacific,EAS,2012.0,YR2012,3.83039817193725
East Asia & Pacific,EAS,2013.0,YR2013,3.76116011090102
East Asia & Pacific,EAS,2014.0,YR2014,3.76110602373102
East Asia & Pacific,EAS,2017.0,YR2017,3.52211024369837
East Asia & Pacific,EAS,2018.0,YR2018,4.19038496558793
East Asia & Pacific,EAS,2019.0,YR2019,4.21415301452262
East Asia & Pacific,EAS,2020.0,YR2020,4.7101329205404
East Asia & Pacific,EAS,2021.0,YR2021,4.43846959322617
East Asia & Pacific (excluding high income),EAP,2000.0,YR2000,4.0690353553095
East Asia & Pacific (excluding high income),EAP,2010.0,YR2010,3.93765403973932
East Asia & Pacific (excluding high income),EAP,2011.0,YR2011,3.87796338485753
East Asia & Pacific (excluding high income),EAP,2012.0,YR2012,3.80249917342991
East Asia & Pacific (excluding high income),EAP,2013.0,YR2013,3.74403797493185
East Asia & Pacific (excluding high income),EAP,2014.0,YR2014,3.75887475594937
East Asia & Pacific (excluding high income),EAP,2017.0,YR2017,3.53186347284563
East Asia & Pacific (excluding high income),EAP,2018.0,YR2018,4.2983133339333
East Asia & Pacific (excluding high income),EAP,2019.0,YR2019,4.33959802752366
East Asia & Pacific (excluding high income),EAP,2020.0,YR2020,4.82676666369526
East Asia & Pacific (excluding high income),EAP,2021.0,YR2021,4.55197235523671
East Asia & Pacific (IDA & IBRD countries),TEA,2000.0,YR2000,4.0690353553095
East Asia & Pacific (IDA & IBRD countries),TEA,2010.0,YR2010,3.93765403973932
East Asia & Pacific (IDA & IBRD countries),TEA,2011.0,YR2011,3.87796338485753
East Asia & Pacific (IDA & IBRD countries),TEA,2012.0,YR2012,3.80249917342991
East Asia & Pacific (IDA & IBRD countries),TEA,2013.0,YR2013,3.74403797493185
East Asia & Pacific (IDA & IBRD countries),TEA,2014.0,YR2014,3.75887475594937
East Asia & Pacific (IDA & IBRD countries),TEA,2017.0,YR2017,3.53186347284563
East Asia & Pacific (IDA & IBRD countries),TEA,2018.0,YR2018,4.2983133339333
East Asia & Pacific (IDA & IBRD countries),TEA,2019.0,YR2019,4.33959802752366
East Asia & Pacific (IDA & IBRD countries),TEA,2020.0,YR2020,4.82676666369526
East Asia & Pacific (IDA & IBRD countries),TEA,2021.0,YR2021,4.55197235523671
Ecuador,ECU,2000.0,YR2000,4.8
Ecuador,ECU,2010.0,YR2010,4.088
Ecuador,ECU,2011.0,YR2011,3.458
Ecuador,ECU,2012.0,YR2012,3.235
Ecuador,ECU,2013.0,YR2013,3.083
Ecuador,ECU,2014.0,YR2014,3.48
Ecuador,ECU,2015.0,YR2015,3.616
Ecuador,ECU,2016.0,YR2016,4.597
Ecuador,ECU,2017.0,YR2017,3.836
Ecuador,ECU,2018.0,YR2018,3.53
Ecuador,ECU,2019.0,YR2019,3.812
Ecuador,ECU,2020.0,YR2020,6.127
Ecuador,ECU,2021.0,YR2021,4.552
Ecuador,ECU,2022.0,YR2022,3.761
"Egypt, Arab Rep.",EGY,2000.0,YR2000,8.98
"Egypt, Arab Rep.",EGY,2010.0,YR2010,8.757
"Egypt, Arab Rep.",EGY,2011.0,YR2011,11.849
"Egypt, Arab Rep.",EGY,2012.0,YR2012,12.597
"Egypt, Arab Rep.",EGY,2013.0,YR2013,13.154
"Egypt, Arab Rep.",EGY,2014.0,YR2014,13.105
"Egypt, Arab Rep.",EGY,2015.0,YR2015,13.052
"Egypt, Arab Rep.",EGY,2016.0,YR2016,12.45
"Egypt, Arab Rep.",EGY,2017.0,YR2017,11.767
"Egypt, Arab Rep.",EGY,2018.0,YR2018,9.855
"Egypt, Arab Rep.",EGY,2019.0,YR2019,7.851
"Egypt, Arab Rep.",EGY,2020.0,YR2020,7.974
"Egypt, Arab Rep.",EGY,2021.0,YR2021,7.441
El Salvador,SLV,2000.0,YR2000,6.96
El Salvador,SLV,2010.0,YR2010,4.893
El Salvador,SLV,2011.0,YR2011,4.297
El Salvador,SLV,2012.0,YR2012,3.843
El Salvador,SLV,2013.0,YR2013,3.693
El Salvador,SLV,2014.0,YR2014,4.154
El Salvador,SLV,2015.0,YR2015,3.998
El Salvador,SLV,2016.0,YR2016,4.418
El Salvador,SLV,2017.0,YR2017,4.385
El Salvador,SLV,2018.0,YR2018,4.006
El Salvador,SLV,2019.0,YR2019,4.17
El Salvador,SLV,2020.0,YR2020,5.008
El Salvador,SLV,2021.0,YR2021,4.327
El Salvador,SLV,2022.0,YR2022,2.999
Eswatini,SWZ,2016.0,YR2016,22.718
Eswatini,SWZ,2021.0,YR2021,31.448
Ethiopia,ETH,2013.0,YR2013,2.251
Ethiopia,ETH,2021.0,YR2021,3.935
Euro area,EMU,2000.0,YR2000,9.53006414647841
Euro area,EMU,2010.0,YR2010,10.1572364479875
Euro area,EMU,2011.0,YR2011,10.2351795380012
Euro area,EMU,2012.0,YR2012,11.4185978517049
Euro area,EMU,2013.0,YR2013,11.9746751990282
Euro area,EMU,2014.0,YR2014,11.6268411199109
Euro area,EMU,2015.0,YR2015,10.8901555056587
Euro area,EMU,2016.0,YR2016,10.0286359293483
Euro area,EMU,2017.0,YR2017,9.05337170464654
Euro area,EMU,2018.0,YR2018,8.15820119060281
Euro area,EMU,2019.0,YR2019,7.50602326318793
Euro area,EMU,2020.0,YR2020,7.82334781813661
Euro area,EMU,2021.0,YR2021,7.73006694033867
Euro area,EMU,2022.0,YR2022,6.74582066863424
Europe & Central Asia,ECS,2000.0,YR2000,9.27422695965779
Europe & Central Asia,ECS,2010.0,YR2010,9.13334002039307
Europe & Central Asia,ECS,2011.0,YR2011,8.79787953704565
Europe & Central Asia,ECS,2012.0,YR2012,8.99655959227571
Europe & Central Asia,ECS,2013.0,YR2013,9.19566895118734
Europe & Central Asia,ECS,2014.0,YR2014,8.87918248564538
Europe & Central Asia,ECS,2015.0,YR2015,8.49804888634798
Europe & Central Asia,ECS,2016.0,YR2016,8.07466950359428
Europe & Central Asia,ECS,2017.0,YR2017,7.46751763640215
Europe & Central Asia,ECS,2018.0,YR2018,6.97173780012272
Europe & Central Asia,ECS,2019.0,YR2019,6.72823214238645
Europe & Central Asia,ECS,2020.0,YR2020,7.27206324211642
Europe & Central Asia,ECS,2021.0,YR2021,7.10680450254458
Europe & Central Asia,ECS,2022.0,YR2022,6.01545210271218
Europe & Central Asia (excluding high income),ECA,2000.0,YR2000,9.65572087004723
Europe & Central Asia (excluding high income),ECA,2010.0,YR2010,8.70990476826021
Europe & Central Asia (excluding high income),ECA,2011.0,YR2011,7.83949448793112
Europe & Central Asia (excluding high income),ECA,2012.0,YR2012,7.19306263163087
Europe & Central Asia (excluding high income),ECA,2013.0,YR2013,7.20187126530878
Europe & Central Asia (excluding high income),ECA,2014.0,YR2014,7.28697688468694
Europe & Central Asia (excluding high income),ECA,2015.0,YR2015,7.44066369563208
Europe & Central Asia (excluding high income),ECA,2016.0,YR2016,7.59026481197796
Europe & Central Asia (excluding high income),ECA,2017.0,YR2017,7.37805795627122
Europe & Central Asia (excluding high income),ECA,2018.0,YR2018,7.28365701153113
Europe & Central Asia (excluding high income),ECA,2019.0,YR2019,7.43828820096574
Europe & Central Asia (excluding high income),ECA,2020.0,YR2020,7.62876916239482
Europe & Central Asia (excluding high income),ECA,2021.0,YR2021,7.30070417295014
Europe & Central Asia (excluding high income),ECA,2022.0,YR2022,5.88602055898207
Europe & Central Asia (IDA & IBRD countries),TEC,2000.0,YR2000,10.1609477040796
Europe & Central Asia (IDA & IBRD countries),TEC,2010.0,YR2010,8.7399301890125
Europe & Central Asia (IDA & IBRD countries),TEC,2011.0,YR2011,8.02437320813307
Europe & Central Asia (IDA & IBRD countries),TEC,2012.0,YR2012,7.51533484064151
Europe & Central Asia (IDA & IBRD countries),TEC,2013.0,YR2013,7.56786282174917
Europe & Central Asia (IDA & IBRD countries),TEC,2014.0,YR2014,7.51039299594738
Europe & Central Asia (IDA & IBRD countries),TEC,2015.0,YR2015,7.4986883177387
Europe & Central Asia (IDA & IBRD countries),TEC,2016.0,YR2016,7.44118042650338
Europe & Central Asia (IDA & IBRD countries),TEC,2017.0,YR2017,7.08386716839769
Europe & Central Asia (IDA & IBRD countries),TEC,2018.0,YR2018,6.85623906893573
Europe & Central Asia (IDA & IBRD countries),TEC,2019.0,YR2019,6.91289752396353
Europe & Central Asia (IDA & IBRD countries),TEC,2020.0,YR2020,7.11317323789362
Europe & Central Asia (IDA & IBRD countries),TEC,2021.0,YR2021,6.82287075211931
Europe & Central Asia (IDA & IBRD countries),TEC,2022.0,YR2022,5.5548266762702
European Union,EUU,2000.0,YR2000,9.84357100063315
European Union,EUU,2010.0,YR2010,9.85358665328065
European Union,EUU,2011.0,YR2011,9.90408511861273
European Union,EUU,2012.0,YR2012,10.867696101802
European Union,EUU,2013.0,YR2013,11.3205609473183
European Union,EUU,2014.0,YR2014,10.8180241920617
European Union,EUU,2015.0,YR2015,10.0202284528246
European Union,EUU,2016.0,YR2016,9.1034863830255
European Union,EUU,2017.0,YR2017,8.1194012443605
European Union,EUU,2018.0,YR2018,7.25186197003969
European Union,EUU,2019.0,YR2019,6.67426331604498
European Union,EUU,2020.0,YR2020,7.0424008512994
European Union,EUU,2021.0,YR2021,7.02260815246242
European Union,EUU,2022.0,YR2022,6.14707588405725
Faroe Islands,FRO,2000.0,YR2000,4.17
Faroe Islands,FRO,2010.0,YR2010,6.39
Faroe Islands,FRO,2011.0,YR2011,5.29
Faroe Islands,FRO,2012.0,YR2012,3.03
Faroe Islands,FRO,2013.0,YR2013,4.03
Fiji,FJI,2010.0,YR2010,8.91
Fiji,FJI,2011.0,YR2011,4.406
Fiji,FJI,2012.0,YR2012,9
Fiji,FJI,2014.0,YR2014,6.17
Fiji,FJI,2016.0,YR2016,4.32
Gabon,GAB,2010.0,YR2010,20.39
"Gambia, The",GMB,2012.0,YR2012,10.346
"Gambia, The",GMB,2018.0,YR2018,4.127
"Gambia, The",GMB,2023.0,YR2023,6.479
Georgia,GEO,2000.0,YR2000,10.82
Georgia,GEO,2010.0,YR2010,20.203
Georgia,GEO,2011.0,YR2011,19.632
Georgia,GEO,2012.0,YR2012,19.653
Georgia,GEO,2013.0,YR2013,19.416
Georgia,GEO,2014.0,YR2014,17.439
Georgia,GEO,2015.0,YR2015,16.506
Georgia,GEO,2016.0,YR2016,16.604
Georgia,GEO,2017.0,YR2017,13.939
Georgia,GEO,2018.0,YR2018,12.667
Georgia,GEO,2019.0,YR2019,11.565
Georgia,GEO,2020.0,YR2020,11.734
Ghana,GHA,2000.0,YR2000,10.456
Ghana,GHA,2010.0,YR2010,5.384
Ghana,GHA,2013.0,YR2013,2.173
Ghana,GHA,2015.0,YR2015,6.806
Ghana,GHA,2017.0,YR2017,3.369
Greenland,GRL,2000.0,YR2000,11.02
Greenland,GRL,2010.0,YR2010,7.8
Greenland,GRL,2011.0,YR2011,9.4
Greenland,GRL,2012.0,YR2012,9.8
Greenland,GRL,2013.0,YR2013,10.1
Greenland,GRL,2014.0,YR2014,10.3
Greenland,GRL,2015.0,YR2015,9.1
Grenada,GRD,2013.0,YR2013,24.2
Grenada,GRD,2014.0,YR2014,24.5
Grenada,GRD,2015.0,YR2015,22.9
Grenada,GRD,2018.0,YR2018,14.066
Grenada,GRD,2019.0,YR2019,10.161
Grenada,GRD,2020.0,YR2020,13.464
Guam,GUM,2000.0,YR2000,11.48
Guam,GUM,2010.0,YR2010,8.2
Guam,GUM,2011.0,YR2011,13.3
Guam,GUM,2012.0,YR2012,12.2
Guam,GUM,2013.0,YR2013,11.5
Guam,GUM,2014.0,YR2014,7.6
Guam,GUM,2015.0,YR2015,6.9
Guam,GUM,2016.0,YR2016,5.4
Guatemala,GTM,2010.0,YR2010,3.497
Guatemala,GTM,2011.0,YR2011,4.126
Guatemala,GTM,2012.0,YR2012,2.765
Guatemala,GTM,2013.0,YR2013,3.017
Guatemala,GTM,2014.0,YR2014,2.717
Guatemala,GTM,2015.0,YR2015,2.506
Guatemala,GTM,2016.0,YR2016,2.583
Guatemala,GTM,2017.0,YR2017,2.462
Guatemala,GTM,2018.0,YR2018,2.283
Guatemala,GTM,2019.0,YR2019,2.193
Guatemala,GTM,2021.0,YR2021,2.174
Guatemala,GTM,2022.0,YR2022,3.051
Guinea,GIN,2019.0,YR2019,5.018
Guinea-Bissau,GNB,2018.0,YR2018,3.196
Guyana,GUY,2018.0,YR2018,14.019
Guyana,GUY,2019.0,YR2019,13.525
Haiti,HTI,2012.0,YR2012,14.1
High income,HIC,2000.0,YR2000,6.64178007139296
High income,HIC,2010.0,YR2010,8.34538534527863
High income,HIC,2011.0,YR2011,8.10397389221499
High income,HIC,2012.0,YR2012,8.09420533577802
High income,HIC,2013.0,YR2013,7.99506911340988
High income,HIC,2014.0,YR2014,7.35395012048638
High income,HIC,2015.0,YR2015,6.75372006486338
High income,HIC,2016.0,YR2016,6.19899740528024
High income,HIC,2017.0,YR2017,5.66363040206062
High income,HIC,2018.0,YR2018,5.13901347230199
High income,HIC,2019.0,YR2019,4.81877340059474
High income,HIC,2020.0,YR2020,6.71839959430713
High income,HIC,2021.0,YR2021,5.71698474088918
High income,HIC,2022.0,YR2022,4.63681047511133
Honduras,HND,2010.0,YR2010,4.119
Honduras,HND,2011.0,YR2011,4.475
Honduras,HND,2012.0,YR2012,3.755
Honduras,HND,2013.0,YR2013,5.646
Honduras,HND,2014.0,YR2014,7.078
Honduras,HND,2015.0,YR2015,6.147
Honduras,HND,2016.0,YR2016,6.727
Honduras,HND,2017.0,YR2017,5.528
Honduras,HND,2018.0,YR2018,5.622
Honduras,HND,2019.0,YR2019,5.551
Honduras,HND,2020.0,YR2020,10.679
Honduras,HND,2021.0,YR2021,7.94
Honduras,HND,2022.0,YR2022,7.037
"Hong Kong SAR, China",HKG,2000.0,YR2000,4.92
"Hong Kong SAR, China",HKG,2010.0,YR2010,4.329
"Hong Kong SAR, China",HKG,2011.0,YR2011,3.422
"Hong Kong SAR, China",HKG,2012.0,YR2012,3.285
"Hong Kong SAR, China",HKG,2013.0,YR2013,3.4
"Hong Kong SAR, China",HKG,2014.0,YR2014,3.296
"Hong Kong SAR, China",HKG,2015.0,YR2015,3.314
"Hong Kong SAR, China",HKG,2016.0,YR2016,3.392
"Hong Kong SAR, China",HKG,2017.0,YR2017,3.124
"Hong Kong SAR, China",HKG,2018.0,YR2018,2.805
"Hong Kong SAR, China",HKG,2019.0,YR2019,2.917
"Hong Kong SAR, China",HKG,2020.0,YR2020,5.808
"Hong Kong SAR, China",HKG,2021.0,YR2021,5.174
"Hong Kong SAR, China",HKG,2022.0,YR2022,4.318
IBRD only,IBD,2000.0,YR2000,5.35624493292864
IBRD only,IBD,2010.0,YR2010,4.95735560580982
IBRD only,IBD,2011.0,YR2011,5.55944943339952
IBRD only,IBD,2012.0,YR2012,4.89328704800675
IBRD only,IBD,2013.0,YR2013,5.29365224350426
IBRD only,IBD,2014.0,YR2014,5.3368656292194
IBRD only,IBD,2017.0,YR2017,5.56749725269735
IBRD only,IBD,2018.0,YR2018,6.3082207240149
IBRD only,IBD,2019.0,YR2019,6.1306444477868
IBRD only,IBD,2020.0,YR2020,6.91510958903837
IBRD only,IBD,2021.0,YR2021,6.38225198730149
IDA & IBRD total,IBT,2000.0,YR2000,5.35824113018568
IDA & IBRD total,IBT,2010.0,YR2010,4.78282126215991
IDA & IBRD total,IBT,2012.0,YR2012,4.80968290660118
IDA & IBRD total,IBT,2018.0,YR2018,6.1442149863379
IDA & IBRD total,IBT,2019.0,YR2019,6.10082462459148
IDA & IBRD total,IBT,2020.0,YR2020,6.67667596813736
IDA & IBRD total,IBT,2021.0,YR2021,6.29047923472036
IDA blend,IDB,2011.0,YR2011,2.5860602401716
IDA blend,IDB,2013.0,YR2013,3.46887635823172
IDA blend,IDB,2014.0,YR2014,3.38123731039966
IDA blend,IDB,2015.0,YR2015,4.07496088970964
IDA blend,IDB,2016.0,YR2016,4.38568955642691
IDA blend,IDB,2019.0,YR2019,7.43095474062446
India,IND,2000.0,YR2000,2.731
India,IND,2010.0,YR2010,3.115
India,IND,2012.0,YR2012,3.222
India,IND,2018.0,YR2018,7.652
India,IND,2019.0,YR2019,6.51
India,IND,2020.0,YR2020,7.859
India,IND,2021.0,YR2021,6.38
India,IND,2022.0,YR2022,4.822
Indonesia,IDN,2000.0,YR2000,6.078
Indonesia,IDN,2010.0,YR2010,5.614
Indonesia,IDN,2011.0,YR2011,5.153
Indonesia,IDN,2012.0,YR2012,4.468
Indonesia,IDN,2013.0,YR2013,4.336
Indonesia,IDN,2014.0,YR2014,4.049
Indonesia,IDN,2015.0,YR2015,4.514
Indonesia,IDN,2016.0,YR2016,4.301
Indonesia,IDN,2017.0,YR2017,3.783
Indonesia,IDN,2018.0,YR2018,4.387
Indonesia,IDN,2019.0,YR2019,3.59
Indonesia,IDN,2020.0,YR2020,4.255
Indonesia,IDN,2021.0,YR2021,3.827
Indonesia,IDN,2022.0,YR2022,3.462
"Iran, Islamic Rep.",IRN,2010.0,YR2010,13.679
"Iran, Islamic Rep.",IRN,2011.0,YR2011,12.491
"Iran, Islamic Rep.",IRN,2012.0,YR2012,12.275
"Iran, Islamic Rep.",IRN,2013.0,YR2013,10.595
"Iran, Islamic Rep.",IRN,2014.0,YR2014,10.68
"Iran, Islamic Rep.",IRN,2015.0,YR2015,11.166
"Iran, Islamic Rep.",IRN,2016.0,YR2016,12.618
"Iran, Islamic Rep.",IRN,2017.0,YR2017,12.232
"Iran, Islamic Rep.",IRN,2018.0,YR2018,12.195
"Iran, Islamic Rep.",IRN,2019.0,YR2019,10.74
"Iran, Islamic Rep.",IRN,2020.0,YR2020,9.687
"Iran, Islamic Rep.",IRN,2021.0,YR2021,9.282
"Iran, Islamic Rep.",IRN,2022.0,YR2022,9.085
Iraq,IRQ,2012.0,YR2012,7.965
Iraq,IRQ,2014.0,YR2014,10.59
Iraq,IRQ,2016.0,YR2016,10.82
Iraq,IRQ,2017.0,YR2017,13.02
Iraq,IRQ,2021.0,YR2021,16.173
Isle of Man,IMN,2000.0,YR2000,0.6
Isle of Man,IMN,2011.0,YR2011,3.31
Isle of Man,IMN,2013.0,YR2013,2.598
Isle of Man,IMN,2014.0,YR2014,1.98
Isle of Man,IMN,2016.0,YR2016,2.67
Jamaica,JAM,2000.0,YR2000,15.539
Jamaica,JAM,2010.0,YR2010,7.63
Jamaica,JAM,2011.0,YR2011,8.034
Jamaica,JAM,2012.0,YR2012,8.695
Jamaica,JAM,2013.0,YR2013,9.698
Jamaica,JAM,2014.0,YR2014,9.046
Jamaica,JAM,2015.0,YR2015,13.511
Jamaica,JAM,2016.0,YR2016,8.634
Jamaica,JAM,2017.0,YR2017,7.399
Jamaica,JAM,2018.0,YR2018,5.47
Jamaica,JAM,2019.0,YR2019,4.987
Jamaica,JAM,2020.0,YR2020,6.501
Jamaica,JAM,2021.0,YR2021,5.188
Jordan,JOR,2000.0,YR2000,13.7
Jordan,JOR,2010.0,YR2010,12.5
Jordan,JOR,2011.0,YR2011,12.9
Jordan,JOR,2012.0,YR2012,12.2
Jordan,JOR,2013.0,YR2013,12.6
Jordan,JOR,2014.0,YR2014,11.9
Jordan,JOR,2015.0,YR2015,13.075
Jordan,JOR,2016.0,YR2016,15.275
Jordan,JOR,2017.0,YR2017,18.12
Jordan,JOR,2018.0,YR2018,18.257
Jordan,JOR,2019.0,YR2019,16.801
Jordan,JOR,2020.0,YR2020,19.213
Jordan,JOR,2021.0,YR2021,19.837
Kazakhstan,KAZ,2000.0,YR2000,12.75
Kazakhstan,KAZ,2010.0,YR2010,5.77
Kazakhstan,KAZ,2011.0,YR2011,5.39
Kazakhstan,KAZ,2012.0,YR2012,5.29
Kazakhstan,KAZ,2013.0,YR2013,5.2
Kazakhstan,KAZ,2014.0,YR2014,5.06
Kazakhstan,KAZ,2015.0,YR2015,4.93
Kazakhstan,KAZ,2016.0,YR2016,4.96
Kazakhstan,KAZ,2017.0,YR2017,4.9
Kazakhstan,KAZ,2018.0,YR2018,4.85
Kazakhstan,KAZ,2019.0,YR2019,4.8
Kazakhstan,KAZ,2020.0,YR2020,4.89
Kazakhstan,KAZ,2022.0,YR2022,4.86
Kenya,KEN,2016.0,YR2016,2.757
Kenya,KEN,2019.0,YR2019,5.014
Kenya,KEN,2021.0,YR2021,5.693
Kiribati,KIR,2010.0,YR2010,30.58
Kiribati,KIR,2015.0,YR2015,9.335
Kiribati,KIR,2019.0,YR2019,8.557
Kiribati,KIR,2020.0,YR2020,10.971
Kosovo,XKX,2000.0,YR2000,11.629
Kosovo,XKX,2012.0,YR2012,30.879
Kosovo,XKX,2013.0,YR2013,29.766
Kosovo,XKX,2014.0,YR2014,35.264
Kosovo,XKX,2015.0,YR2015,32.84
Kosovo,XKX,2016.0,YR2016,27.491
Kosovo,XKX,2017.0,YR2017,30.344
Kosovo,XKX,2018.0,YR2018,27.761
Kosovo,XKX,2019.0,YR2019,25.069
Kosovo,XKX,2020.0,YR2020,25.459
Kosovo,XKX,2021.0,YR2021,20.392
Kosovo,XKX,2022.0,YR2022,12.093
Kuwait,KWT,2000.0,YR2000,0.8
Kuwait,KWT,2010.0,YR2010,1.82
Kuwait,KWT,2014.0,YR2014,2.9
Kuwait,KWT,2015.0,YR2015,2.2
Kuwait,KWT,2016.0,YR2016,2.16
Kyrgyz Republic,KGZ,2000.0,YR2000,7.54
Kyrgyz Republic,KGZ,2010.0,YR2010,6.007
Kyrgyz Republic,KGZ,2011.0,YR2011,5.824
Kyrgyz Republic,KGZ,2012.0,YR2012,4.67
Kyrgyz Republic,KGZ,2013.0,YR2013,4.296
Kyrgyz Republic,KGZ,2014.0,YR2014,4.051
Kyrgyz Republic,KGZ,2015.0,YR2015,3.364
Kyrgyz Republic,KGZ,2016.0,YR2016,3.249
Kyrgyz Republic,KGZ,2017.0,YR2017,2.655
Kyrgyz Republic,KGZ,2018.0,YR2018,3.673
Kyrgyz Republic,KGZ,2019.0,YR2019,4.252
Kyrgyz Republic,KGZ,2020.0,YR2020,4.63
Kyrgyz Republic,KGZ,2021.0,YR2021,4.096
Lao PDR,LAO,2010.0,YR2010,0.708
Lao PDR,LAO,2017.0,YR2017,3.269
Lao PDR,LAO,2022.0,YR2022,1.209
Late-demographic dividend,LTE,2000.0,YR2000,5.16553937188477
Late-demographic dividend,LTE,2010.0,YR2010,4.69485015060546
Late-demographic dividend,LTE,2011.0,YR2011,4.85920411749329
Late-demographic dividend,LTE,2012.0,YR2012,4.7475692215632
Late-demographic dividend,LTE,2013.0,YR2013,4.68010615309053
Late-demographic dividend,LTE,2014.0,YR2014,4.6186531335395
Late-demographic dividend,LTE,2017.0,YR2017,4.89153932633982
Late-demographic dividend,LTE,2018.0,YR2018,5.43112808887135
Late-demographic dividend,LTE,2019.0,YR2019,5.57147844011047
Late-demographic dividend,LTE,2020.0,YR2020,6.24821595284136
Late-demographic dividend,LTE,2021.0,YR2021,5.85985065536621
Latin America & Caribbean (excluding high income),LAC,2011.0,YR2011,6.52633400026933
Latin America & Caribbean (excluding high income),LAC,2012.0,YR2012,6.37320291165626
Latin America & Caribbean (excluding high income),LAC,2013.0,YR2013,6.16437045816466
Latin America & Caribbean (excluding high income),LAC,2014.0,YR2014,5.95539970236578
Latin America & Caribbean (excluding high income),LAC,2015.0,YR2015,6.5159610537753
Latin America & Caribbean (excluding high income),LAC,2016.0,YR2016,7.77046804423408
Latin America & Caribbean (excluding high income),LAC,2017.0,YR2017,8.1286669671718
Latin America & Caribbean (excluding high income),LAC,2018.0,YR2018,7.98480638988708
Latin America & Caribbean (excluding high income),LAC,2019.0,YR2019,8.18404111586911
Latin America & Caribbean (excluding high income),LAC,2020.0,YR2020,10.585839557524
Latin America & Caribbean (excluding high income),LAC,2021.0,YR2021,9.30954947011005
Latin America & Caribbean (excluding high income),LAC,2022.0,YR2022,6.91159434910532
Latin America & the Caribbean (IDA & IBRD countries),TLA,2011.0,YR2011,6.61653895442188
Latin America & the Caribbean (IDA & IBRD countries),TLA,2012.0,YR2012,6.42964149767379
Latin America & the Caribbean (IDA & IBRD countries),TLA,2013.0,YR2013,6.20500366361572
Latin America & the Caribbean (IDA & IBRD countries),TLA,2014.0,YR2014,6.03115150807199
Latin America & the Caribbean (IDA & IBRD countries),TLA,2015.0,YR2015,6.5870070018644
Latin America & the Caribbean (IDA & IBRD countries),TLA,2016.0,YR2016,7.70142546016722
Latin America & the Caribbean (IDA & IBRD countries),TLA,2017.0,YR2017,8.06062717244187
Latin America & the Caribbean (IDA & IBRD countries),TLA,2018.0,YR2018,8.08369356949354
Latin America & the Caribbean (IDA & IBRD countries),TLA,2019.0,YR2019,8.1474178347819
Latin America & the Caribbean (IDA & IBRD countries),TLA,2020.0,YR2020,10.5218745512664
Latin America & the Caribbean (IDA & IBRD countries),TLA,2021.0,YR2021,9.30544682337443
Latin America & the Caribbean (IDA & IBRD countries),TLA,2022.0,YR2022,6.96776001765946
Lebanon,LBN,2019.0,YR2019,11.301
Lesotho,LSO,2013.0,YR2013,24.58
Lesotho,LSO,2019.0,YR2019,16.876
Liberia,LBR,2010.0,YR2010,2.266
Liberia,LBR,2014.0,YR2014,2.079
Liberia,LBR,2016.0,YR2016,3.081
Liberia,LBR,2017.0,YR2017,5.947
Libya,LBY,2012.0,YR2012,19.03
Liechtenstein,LIE,2000.0,YR2000,1.27
Low & middle income,LMY,2000.0,YR2000,5.19979964699675
Low & middle income,LMY,2010.0,YR2010,4.69786900977159
Low & middle income,LMY,2012.0,YR2012,4.73473644853275
Low & middle income,LMY,2018.0,YR2018,6.16088107362491
Low & middle income,LMY,2019.0,YR2019,6.13215137022917
Low & middle income,LMY,2020.0,YR2020,6.68815401590567
Low & middle income,LMY,2021.0,YR2021,6.3089852315273
Lower middle income,LMC,2000.0,YR2000,4.72069775188293
Lower middle income,LMC,2010.0,YR2010,3.85345702568739
Lower middle income,LMC,2012.0,YR2012,4.28330352155333
Lower middle income,LMC,2018.0,YR2018,6.65621331823372
Lower middle income,LMC,2019.0,YR2019,6.3311795928356
Lower middle income,LMC,2020.0,YR2020,6.79724114185898
Lower middle income,LMC,2021.0,YR2021,6.39632988379799
Lower middle income,LMC,2022.0,YR2022,4.68101200781988
"Macao SAR, China",MAC,2000.0,YR2000,6.874
"Macao SAR, China",MAC,2010.0,YR2010,2.84
"Macao SAR, China",MAC,2011.0,YR2011,2.56
"Macao SAR, China",MAC,2012.0,YR2012,1.97
"Macao SAR, China",MAC,2013.0,YR2013,1.82
"Macao SAR, China",MAC,2014.0,YR2014,1.67
"Macao SAR, China",MAC,2015.0,YR2015,1.81
"Macao SAR, China",MAC,2016.0,YR2016,1.939
"Macao SAR, China",MAC,2017.0,YR2017,1.987
"Macao SAR, China",MAC,2018.0,YR2018,1.834
"Macao SAR, China",MAC,2019.0,YR2019,1.749
"Macao SAR, China",MAC,2020.0,YR2020,2.566
Madagascar,MDG,2000.0,YR2000,5.8
Madagascar,MDG,2010.0,YR2010,4.28
Madagascar,MDG,2012.0,YR2012,0.599
Madagascar,MDG,2015.0,YR2015,1.785
Malawi,MWI,2011.0,YR2011,1.736
Malawi,MWI,2013.0,YR2013,4.978
Malawi,MWI,2017.0,YR2017,3.538
Malawi,MWI,2020.0,YR2020,0.907
Malaysia,MYS,2000.0,YR2000,3
Malaysia,MYS,2010.0,YR2010,3.39
Malaysia,MYS,2011.0,YR2011,3.05
Malaysia,MYS,2012.0,YR2012,3.1
Malaysia,MYS,2013.0,YR2013,3.16
Malaysia,MYS,2014.0,YR2014,2.88
Malaysia,MYS,2015.0,YR2015,3.1
Malaysia,MYS,2016.0,YR2016,3.44
Malaysia,MYS,2017.0,YR2017,3.41
Malaysia,MYS,2018.0,YR2018,3.3
Malaysia,MYS,2019.0,YR2019,3.26
Malaysia,MYS,2020.0,YR2020,4.54
Malaysia,MYS,2021.0,YR2021,4.64
Malaysia,MYS,2022.0,YR2022,3.93
Maldives,MDV,2000.0,YR2000,1.97
Maldives,MDV,2014.0,YR2014,3.846
Maldives,MDV,2016.0,YR2016,5.77
Maldives,MDV,2019.0,YR2019,4.562
Mali,MLI,2010.0,YR2010,8.07
Mali,MLI,2011.0,YR2011,6.9
Mali,MLI,2013.0,YR2013,6.351
Mali,MLI,2014.0,YR2014,6.376
Mali,MLI,2015.0,YR2015,7.729
Mali,MLI,2016.0,YR2016,1.367
Mali,MLI,2017.0,YR2017,7.414
Mali,MLI,2018.0,YR2018,1.62
Mali,MLI,2020.0,YR2020,3.528
Malta,MLT,2000.0,YR2000,6.324
Malta,MLT,2010.0,YR2010,6.861
Malta,MLT,2011.0,YR2011,6.388
Malta,MLT,2012.0,YR2012,6.203
Malta,MLT,2013.0,YR2013,6.115
Malta,MLT,2014.0,YR2014,5.737
Malta,MLT,2015.0,YR2015,5.389
Malta,MLT,2016.0,YR2016,4.694
Malta,MLT,2017.0,YR2017,4.008
Malta,MLT,2018.0,YR2018,3.665
Malta,MLT,2019.0,YR2019,3.627
Malta,MLT,2020.0,YR2020,4.357
Malta,MLT,2021.0,YR2021,3.403
Malta,MLT,2022.0,YR2022,2.929
Marshall Islands,MHL,2011.0,YR2011,4.74
Marshall Islands,MHL,2019.0,YR2019,6.342
Marshall Islands,MHL,2021.0,YR2021,9.823
Mauritania,MRT,2012.0,YR2012,9.865
Mauritania,MRT,2017.0,YR2017,10.336
Mauritania,MRT,2019.0,YR2019,10.416
Mauritius,MUS,2010.0,YR2010,7.654
Mauritius,MUS,2011.0,YR2011,7.47
Mauritius,MUS,2012.0,YR2012,7.472
Mauritius,MUS,2013.0,YR2013,7.322
Mauritius,MUS,2014.0,YR2014,7.467
Mauritius,MUS,2015.0,YR2015,7.41
Mauritius,MUS,2016.0,YR2016,6.814
Mauritius,MUS,2017.0,YR2017,6.752
Mauritius,MUS,2018.0,YR2018,6.427
Mauritius,MUS,2019.0,YR2019,6.331
Mauritius,MUS,2020.0,YR2020,8.627
Mauritius,MUS,2021.0,YR2021,7.719
Mauritius,MUS,2022.0,YR2022,6.322
"Micronesia, Fed. Sts.",FSM,2014.0,YR2014,8.863
Middle East & North Africa,MEA,2010.0,YR2010,10.1586894696614
Middle East & North Africa,MEA,2012.0,YR2012,10.805994525413
Middle East & North Africa,MEA,2013.0,YR2013,10.5042901281396
Middle East & North Africa,MEA,2014.0,YR2014,10.5516551065659
Middle East & North Africa,MEA,2015.0,YR2015,10.5457503190782
Middle East & North Africa,MEA,2016.0,YR2016,10.0881748331747
Middle East & North Africa,MEA,2017.0,YR2017,10.7496733069693
Middle East & North Africa,MEA,2021.0,YR2021,9.00054558992746
Middle income,MIC,2000.0,YR2000,5.19721874722094
Middle income,MIC,2010.0,YR2010,4.66513261320423
Middle income,MIC,2011.0,YR2011,5.18087594920036
Middle income,MIC,2012.0,YR2012,4.78285787688219
Middle income,MIC,2013.0,YR2013,4.98620189509243
Middle income,MIC,2014.0,YR2014,5.04279963218664
Middle income,MIC,2017.0,YR2017,5.53264212524445
Middle income,MIC,2018.0,YR2018,6.18654065993557
Middle income,MIC,2019.0,YR2019,6.15689514796465
Middle income,MIC,2020.0,YR2020,6.77754898689825
Middle income,MIC,2021.0,YR2021,6.37436283191445
Moldova,MDA,2000.0,YR2000,8.539
Moldova,MDA,2010.0,YR2010,2.972
Moldova,MDA,2011.0,YR2011,2.677
Moldova,MDA,2012.0,YR2012,2.19
Moldova,MDA,2013.0,YR2013,1.894
Moldova,MDA,2014.0,YR2014,1.451
Moldova,MDA,2015.0,YR2015,1.781
Moldova,MDA,2016.0,YR2016,1.591
Moldova,MDA,2017.0,YR2017,1.622
Moldova,MDA,2018.0,YR2018,1.239
Moldova,MDA,2019.0,YR2019,1.502
Moldova,MDA,2020.0,YR2020,1.206
Moldova,MDA,2021.0,YR2021,0.794
Moldova,MDA,2022.0,YR2022,0.909
Monaco,MCO,2000.0,YR2000,3.6
Monaco,MCO,2016.0,YR2016,6.33
Mongolia,MNG,2010.0,YR2010,6.549
Mongolia,MNG,2011.0,YR2011,4.769
Mongolia,MNG,2012.0,YR2012,3.905
Mongolia,MNG,2013.0,YR2013,4.231
Mongolia,MNG,2014.0,YR2014,4.798
Mongolia,MNG,2015.0,YR2015,4.861
Mongolia,MNG,2016.0,YR2016,7.235
Mongolia,MNG,2017.0,YR2017,6.359
Mongolia,MNG,2018.0,YR2018,5.377
Mongolia,MNG,2019.0,YR2019,9.269
Mongolia,MNG,2020.0,YR2020,6.594
Mongolia,MNG,2021.0,YR2021,7.747
Mongolia,MNG,2022.0,YR2022,6.211
Montenegro,MNE,2010.0,YR2010,19.649
Montenegro,MNE,2011.0,YR2011,19.759
Montenegro,MNE,2012.0,YR2012,19.808
Montenegro,MNE,2013.0,YR2013,19.585
Montenegro,MNE,2014.0,YR2014,18.054
Montenegro,MNE,2015.0,YR2015,17.555
Montenegro,MNE,2016.0,YR2016,17.732
Montenegro,MNE,2017.0,YR2017,16.082
Montenegro,MNE,2018.0,YR2018,15.19
Montenegro,MNE,2019.0,YR2019,15.128
Montenegro,MNE,2020.0,YR2020,17.878
Montenegro,MNE,2021.0,YR2021,16.543
Morocco,MAR,2000.0,YR2000,13.58
Morocco,MAR,2010.0,YR2010,9.09
Morocco,MAR,2011.0,YR2011,8.91
Morocco,MAR,2012.0,YR2012,8.99
Morocco,MAR,2013.0,YR2013,9.23
Morocco,MAR,2014.0,YR2014,9.7
Morocco,MAR,2015.0,YR2015,9.46
Morocco,MAR,2016.0,YR2016,9.3
Morocco,MAR,2021.0,YR2021,12.28
Morocco,MAR,2022.0,YR2022,11.79
Mozambique,MOZ,2015.0,YR2015,3.426
Myanmar,MMR,2015.0,YR2015,0.766
Myanmar,MMR,2017.0,YR2017,1.356
Myanmar,MMR,2018.0,YR2018,0.767
Myanmar,MMR,2019.0,YR2019,0.407
Myanmar,MMR,2020.0,YR2020,1.476
Namibia,NAM,2000.0,YR2000,20.3
Namibia,NAM,2010.0,YR2010,22.12
Namibia,NAM,2012.0,YR2012,16.771
Namibia,NAM,2013.0,YR2013,19.028
Namibia,NAM,2014.0,YR2014,18.521
Namibia,NAM,2016.0,YR2016,23.352
Namibia,NAM,2018.0,YR2018,19.877
Nauru,NRU,2011.0,YR2011,22.96
Nauru,NRU,2013.0,YR2013,13.282
Nauru,NRU,2021.0,YR2021,5.056
Nepal,NPL,2015.0,YR2015,3.1
Nepal,NPL,2017.0,YR2017,10.66
New Caledonia,NCL,2014.0,YR2014,14.59
New Caledonia,NCL,2017.0,YR2017,11.676
New Caledonia,NCL,2018.0,YR2018,11.702
New Caledonia,NCL,2019.0,YR2019,10.881
New Caledonia,NCL,2020.0,YR2020,13.558
Nicaragua,NIC,2010.0,YR2010,7.83
Nicaragua,NIC,2012.0,YR2012,5.208
Nicaragua,NIC,2013.0,YR2013,5.28
Nicaragua,NIC,2014.0,YR2014,4.52
Nicaragua,NIC,2015.0,YR2015,4.7
Nicaragua,NIC,2016.0,YR2016,3.9
Nicaragua,NIC,2017.0,YR2017,3.3
Nicaragua,NIC,2018.0,YR2018,5.2
Niger,NER,2011.0,YR2011,0.317
Niger,NER,2012.0,YR2012,2.177
Niger,NER,2014.0,YR2014,0.524
Niger,NER,2017.0,YR2017,7.769
Niger,NER,2019.0,YR2019,0.544
Nigeria,NGA,2011.0,YR2011,3.77
Nigeria,NGA,2013.0,YR2013,3.711
Nigeria,NGA,2014.0,YR2014,4.562
Nigeria,NGA,2015.0,YR2015,4.311
Nigeria,NGA,2016.0,YR2016,7.06
Nigeria,NGA,2017.0,YR2017,8.389
Nigeria,NGA,2019.0,YR2019,10.695
Nigeria,NGA,2022.0,YR2022,3.827
North Macedonia,MKD,2000.0,YR2000,32.2
North Macedonia,MKD,2010.0,YR2010,33.135
North Macedonia,MKD,2011.0,YR2011,31.502
North Macedonia,MKD,2012.0,YR2012,31.199
North Macedonia,MKD,2013.0,YR2013,29.138
North Macedonia,MKD,2014.0,YR2014,28.381
North Macedonia,MKD,2015.0,YR2015,26.433
North Macedonia,MKD,2016.0,YR2016,24.297
North Macedonia,MKD,2017.0,YR2017,22.814
North Macedonia,MKD,2018.0,YR2018,21.2
North Macedonia,MKD,2019.0,YR2019,17.393
North Macedonia,MKD,2020.0,YR2020,16.553
North Macedonia,MKD,2021.0,YR2021,15.779
North Macedonia,MKD,2022.0,YR2022,14.427
Northern Mariana Islands,MNP,2000.0,YR2000,3.83
Northern Mariana Islands,MNP,2010.0,YR2010,11.17
Oman,OMN,2016.0,YR2016,3.266
Oman,OMN,2018.0,YR2018,1.8
Oman,OMN,2020.0,YR2020,2.94
Oman,OMN,2021.0,YR2021,1.9
Pakistan,PAK,2000.0,YR2000,7.16
Pakistan,PAK,2010.0,YR2010,0.653
Pakistan,PAK,2011.0,YR2011,0.796
Pakistan,PAK,2012.0,YR2012,3.667
Pakistan,PAK,2013.0,YR2013,2.954
Pakistan,PAK,2014.0,YR2014,1.827
Pakistan,PAK,2015.0,YR2015,3.566
Pakistan,PAK,2016.0,YR2016,2.286
Pakistan,PAK,2018.0,YR2018,4.083
Pakistan,PAK,2019.0,YR2019,4.83
Pakistan,PAK,2021.0,YR2021,6.338
Palau,PLW,2000.0,YR2000,3.3
Palau,PLW,2014.0,YR2014,1.357
Palau,PLW,2020.0,YR2020,0.765
Panama,PAN,2000.0,YR2000,13.53
Panama,PAN,2010.0,YR2010,5.832
Panama,PAN,2011.0,YR2011,3.922
Panama,PAN,2012.0,YR2012,3.714
Panama,PAN,2013.0,YR2013,3.732
Panama,PAN,2014.0,YR2014,4.444
Panama,PAN,2015.0,YR2015,4.402
Panama,PAN,2016.0,YR2016,4.843
Panama,PAN,2017.0,YR2017,5.461
Panama,PAN,2018.0,YR2018,5.313
Panama,PAN,2019.0,YR2019,6.409
Panama,PAN,2020.0,YR2020,18.548
Panama,PAN,2021.0,YR2021,10.293
Panama,PAN,2022.0,YR2022,8.281
Panama,PAN,2023.0,YR2023,6.678
Papua New Guinea,PNG,2000.0,YR2000,2.92
Papua New Guinea,PNG,2010.0,YR2010,2.002
Papua New Guinea,PNG,2011.0,YR2011,2.62
Paraguay,PRY,2000.0,YR2000,7.61
Paraguay,PRY,2010.0,YR2010,4.569
Paraguay,PRY,2011.0,YR2011,4.67
Paraguay,PRY,2012.0,YR2012,4.086
Paraguay,PRY,2013.0,YR2013,4.385
Paraguay,PRY,2014.0,YR2014,5.034
Paraguay,PRY,2015.0,YR2015,4.556
Paraguay,PRY,2016.0,YR2016,5.255
Paraguay,PRY,2017.0,YR2017,6.138
Paraguay,PRY,2018.0,YR2018,6.217
Paraguay,PRY,2019.0,YR2019,6.595
Paraguay,PRY,2020.0,YR2020,7.548
Paraguay,PRY,2021.0,YR2021,7.311
Paraguay,PRY,2022.0,YR2022,6.755
Peru,PER,2000.0,YR2000,4.069
Peru,PER,2010.0,YR2010,3.596
Peru,PER,2011.0,YR2011,3.477
Peru,PER,2012.0,YR2012,3.238
Peru,PER,2013.0,YR2013,3.575
Peru,PER,2014.0,YR2014,3.208
Peru,PER,2015.0,YR2015,3.272
Peru,PER,2016.0,YR2016,3.741
Peru,PER,2017.0,YR2017,3.691
Peru,PER,2018.0,YR2018,3.492
Peru,PER,2019.0,YR2019,3.379
Peru,PER,2020.0,YR2020,7.179
Peru,PER,2021.0,YR2021,5.097
Peru,PER,2022.0,YR2022,4.291
Philippines,PHL,2000.0,YR2000,11.189
Philippines,PHL,2010.0,YR2010,3.605
Philippines,PHL,2011.0,YR2011,3.592
Philippines,PHL,2012.0,YR2012,3.504
Philippines,PHL,2013.0,YR2013,3.497
Philippines,PHL,2014.0,YR2014,3.6
Philippines,PHL,2015.0,YR2015,3.068
Philippines,PHL,2016.0,YR2016,2.695
Philippines,PHL,2017.0,YR2017,2.552
Philippines,PHL,2018.0,YR2018,2.338
Philippines,PHL,2019.0,YR2019,2.237
Philippines,PHL,2020.0,YR2020,2.522
Philippines,PHL,2021.0,YR2021,3.398
Philippines,PHL,2022.0,YR2022,2.598
Puerto Rico,PRI,2000.0,YR2000,10.08
Puerto Rico,PRI,2010.0,YR2010,16.1
Puerto Rico,PRI,2011.0,YR2011,15.7
Puerto Rico,PRI,2012.0,YR2012,14.5
Puerto Rico,PRI,2013.0,YR2013,14.3
Puerto Rico,PRI,2014.0,YR2014,13.9
Puerto Rico,PRI,2015.0,YR2015,12
Puerto Rico,PRI,2016.0,YR2016,11.8
Puerto Rico,PRI,2017.0,YR2017,10.8
Puerto Rico,PRI,2018.0,YR2018,9.2
Puerto Rico,PRI,2019.0,YR2019,8.3
Puerto Rico,PRI,2021.0,YR2021,7.9
Puerto Rico,PRI,2022.0,YR2022,6
Qatar,QAT,2010.0,YR2010,0.45
Qatar,QAT,2011.0,YR2011,0.56
Qatar,QAT,2012.0,YR2012,0.48
Qatar,QAT,2013.0,YR2013,0.28
Qatar,QAT,2014.0,YR2014,0.2
Qatar,QAT,2015.0,YR2015,0.17
Qatar,QAT,2016.0,YR2016,0.15
Qatar,QAT,2017.0,YR2017,0.14
Qatar,QAT,2018.0,YR2018,0.11
Qatar,QAT,2019.0,YR2019,0.1
Qatar,QAT,2020.0,YR2020,0.14
Qatar,QAT,2021.0,YR2021,0.14
Qatar,QAT,2022.0,YR2022,0.13
Romania,ROU,2000.0,YR2000,6.969
Romania,ROU,2010.0,YR2010,6.959
Romania,ROU,2011.0,YR2011,7.177
Romania,ROU,2012.0,YR2012,6.794
Romania,ROU,2013.0,YR2013,7.096
Romania,ROU,2014.0,YR2014,6.802
Romania,ROU,2015.0,YR2015,6.812
Romania,ROU,2016.0,YR2016,5.901
Romania,ROU,2017.0,YR2017,4.927
Romania,ROU,2018.0,YR2018,4.187
Romania,ROU,2019.0,YR2019,3.912
Romania,ROU,2020.0,YR2020,5.035
Romania,ROU,2021.0,YR2021,5.59
Romania,ROU,2022.0,YR2022,5.614
Russian Federation,RUS,2000.0,YR2000,10.581
Russian Federation,RUS,2010.0,YR2010,7.369
Russian Federation,RUS,2011.0,YR2011,6.536
Russian Federation,RUS,2012.0,YR2012,5.436
Russian Federation,RUS,2013.0,YR2013,5.458
Russian Federation,RUS,2014.0,YR2014,5.16
Russian Federation,RUS,2015.0,YR2015,5.571
Russian Federation,RUS,2016.0,YR2016,5.559
Russian Federation,RUS,2017.0,YR2017,5.212
Russian Federation,RUS,2018.0,YR2018,4.846
Russian Federation,RUS,2019.0,YR2019,4.496
Russian Federation,RUS,2020.0,YR2020,5.589
Russian Federation,RUS,2021.0,YR2021,4.715
Russian Federation,RUS,2022.0,YR2022,3.867
Rwanda,RWA,2014.0,YR2014,1.169
Rwanda,RWA,2017.0,YR2017,11.875
Rwanda,RWA,2018.0,YR2018,10.759
Rwanda,RWA,2019.0,YR2019,11.236
Rwanda,RWA,2020.0,YR2020,11.829
Rwanda,RWA,2021.0,YR2021,15.793
Rwanda,RWA,2022.0,YR2022,15.085
Samoa,WSM,2011.0,YR2011,5.68
Samoa,WSM,2012.0,YR2012,8.752
Samoa,WSM,2014.0,YR2014,8.72
Samoa,WSM,2017.0,YR2017,9.4
San Marino,SMR,2000.0,YR2000,2.8
San Marino,SMR,2010.0,YR2010,4.37
San Marino,SMR,2011.0,YR2011,5.06
San Marino,SMR,2012.0,YR2012,5.19
San Marino,SMR,2013.0,YR2013,6.08
San Marino,SMR,2014.0,YR2014,6.61
San Marino,SMR,2015.0,YR2015,7.38
San Marino,SMR,2016.0,YR2016,6.45
San Marino,SMR,2017.0,YR2017,7.89
San Marino,SMR,2018.0,YR2018,7.83
San Marino,SMR,2019.0,YR2019,7.54
San Marino,SMR,2020.0,YR2020,7.23
San Marino,SMR,2021.0,YR2021,6.34
San Marino,SMR,2022.0,YR2022,4.91
Sao Tome and Principe,STP,2000.0,YR2000,14.4
Sao Tome and Principe,STP,2012.0,YR2012,13.59
Saudi Arabia,SAU,2000.0,YR2000,4.57
Saudi Arabia,SAU,2010.0,YR2010,5.55
Saudi Arabia,SAU,2012.0,YR2012,5.622
Saudi Arabia,SAU,2013.0,YR2013,5.6
Saudi Arabia,SAU,2014.0,YR2014,5.877
Saudi Arabia,SAU,2015.0,YR2015,5.6
Saudi Arabia,SAU,2016.0,YR2016,5.6
Saudi Arabia,SAU,2017.0,YR2017,5.89
Saudi Arabia,SAU,2018.0,YR2018,6.029
Saudi Arabia,SAU,2019.0,YR2019,5.636
Saudi Arabia,SAU,2020.0,YR2020,7.66
Saudi Arabia,SAU,2021.0,YR2021,6.621
Saudi Arabia,SAU,2022.0,YR2022,5.589
Senegal,SEN,2011.0,YR2011,2.853
Senegal,SEN,2015.0,YR2015,6.757
Senegal,SEN,2016.0,YR2016,4.455
Senegal,SEN,2017.0,YR2017,4.078
Senegal,SEN,2018.0,YR2018,3.567
Senegal,SEN,2019.0,YR2019,2.863
Serbia,SRB,2000.0,YR2000,12.6
Serbia,SRB,2010.0,YR2010,19.204
Serbia,SRB,2011.0,YR2011,22.959
Serbia,SRB,2012.0,YR2012,24
Serbia,SRB,2013.0,YR2013,22.154
Serbia,SRB,2014.0,YR2014,19.223
Serbia,SRB,2015.0,YR2015,17.66
Serbia,SRB,2016.0,YR2016,15.257
Serbia,SRB,2017.0,YR2017,13.477
Serbia,SRB,2018.0,YR2018,12.733
Serbia,SRB,2019.0,YR2019,10.395
Serbia,SRB,2020.0,YR2020,9.011
Serbia,SRB,2021.0,YR2021,10.061
Serbia,SRB,2022.0,YR2022,8.684
Seychelles,SYC,2011.0,YR2011,4.11
Seychelles,SYC,2014.0,YR2014,3.841
Seychelles,SYC,2015.0,YR2015,4.151
Seychelles,SYC,2016.0,YR2016,3.965
Seychelles,SYC,2017.0,YR2017,3.715
Seychelles,SYC,2018.0,YR2018,3.528
Seychelles,SYC,2019.0,YR2019,2.966
Seychelles,SYC,2020.0,YR2020,4.311
Sierra Leone,SLE,2014.0,YR2014,4.678
Sierra Leone,SLE,2018.0,YR2018,3.193
Singapore,SGP,2000.0,YR2000,5.96
Singapore,SGP,2010.0,YR2010,4.12
Singapore,SGP,2011.0,YR2011,3.89
Singapore,SGP,2012.0,YR2012,3.72
Singapore,SGP,2013.0,YR2013,3.86
Singapore,SGP,2014.0,YR2014,3.74
Singapore,SGP,2015.0,YR2015,3.79
Singapore,SGP,2016.0,YR2016,4.08
Singapore,SGP,2017.0,YR2017,4.2
Singapore,SGP,2019.0,YR2019,3.1
Singapore,SGP,2020.0,YR2020,4.1
Singapore,SGP,2021.0,YR2021,4.64
Singapore,SGP,2022.0,YR2022,3.591
Solomon Islands,SLB,2013.0,YR2013,0.694
Somalia,SOM,2019.0,YR2019,18.828
South Africa,ZAF,2000.0,YR2000,29.88
South Africa,ZAF,2010.0,YR2010,23.181
South Africa,ZAF,2011.0,YR2011,21.416
South Africa,ZAF,2012.0,YR2012,21.786
South Africa,ZAF,2013.0,YR2013,22.038
South Africa,ZAF,2014.0,YR2014,22.606
South Africa,ZAF,2015.0,YR2015,22.869
South Africa,ZAF,2016.0,YR2016,24.023
South Africa,ZAF,2017.0,YR2017,23.992
South Africa,ZAF,2018.0,YR2018,24.218
South Africa,ZAF,2019.0,YR2019,25.538
South Africa,ZAF,2020.0,YR2020,24.339
South Africa,ZAF,2021.0,YR2021,28.77
South Africa,ZAF,2022.0,YR2022,28.838
Sri Lanka,LKA,2000.0,YR2000,7.74
Sri Lanka,LKA,2010.0,YR2010,4.784
Sri Lanka,LKA,2011.0,YR2011,4.118
Sri Lanka,LKA,2012.0,YR2012,3.88
Sri Lanka,LKA,2013.0,YR2013,4.186
Sri Lanka,LKA,2014.0,YR2014,4.157
Sri Lanka,LKA,2015.0,YR2015,4.519
Sri Lanka,LKA,2016.0,YR2016,4.243
Sri Lanka,LKA,2017.0,YR2017,4.046
Sri Lanka,LKA,2018.0,YR2018,4.318
Sri Lanka,LKA,2019.0,YR2019,4.67
Sri Lanka,LKA,2020.0,YR2020,5.365
St. Lucia,LCA,2000.0,YR2000,16.49
St. Lucia,LCA,2011.0,YR2011,18.86
St. Lucia,LCA,2012.0,YR2012,19.06
St. Lucia,LCA,2013.0,YR2013,22.21
St. Lucia,LCA,2017.0,YR2017,19.136
St. Lucia,LCA,2018.0,YR2018,19.329
St. Lucia,LCA,2019.0,YR2019,15.613
St. Lucia,LCA,2020.0,YR2020,25.225
St. Lucia,LCA,2021.0,YR2021,20.514
St. Lucia,LCA,2022.0,YR2022,15.934
Sudan,SDN,2011.0,YR2011,17.44
Suriname,SUR,2010.0,YR2010,7.15
Suriname,SUR,2011.0,YR2011,7.54
Suriname,SUR,2012.0,YR2012,8.1
Suriname,SUR,2013.0,YR2013,6.6
Suriname,SUR,2014.0,YR2014,6.94
Suriname,SUR,2015.0,YR2015,7.22
Suriname,SUR,2016.0,YR2016,7.917
Syrian Arab Republic,SYR,2010.0,YR2010,8.61
Tajikistan,TJK,2000.0,YR2000,2.7
Tajikistan,TJK,2016.0,YR2016,6.9
Tanzania,TZA,2010.0,YR2010,1.314
Tanzania,TZA,2011.0,YR2011,3.47
Tanzania,TZA,2012.0,YR2012,2.608
Tanzania,TZA,2013.0,YR2013,2.93
Tanzania,TZA,2014.0,YR2014,2.125
Tanzania,TZA,2020.0,YR2020,2.781
Thailand,THA,2000.0,YR2000,2.389
Thailand,THA,2010.0,YR2010,0.622
Thailand,THA,2011.0,YR2011,0.66
Thailand,THA,2012.0,YR2012,0.58
Thailand,THA,2013.0,YR2013,0.249
Thailand,THA,2014.0,YR2014,0.576
Thailand,THA,2015.0,YR2015,0.597
Thailand,THA,2016.0,YR2016,0.688
Thailand,THA,2017.0,YR2017,0.83
Thailand,THA,2018.0,YR2018,0.766
Thailand,THA,2019.0,YR2019,0.716
Thailand,THA,2020.0,YR2020,1.099
Thailand,THA,2021.0,YR2021,1.215
Thailand,THA,2022.0,YR2022,0.94
Timor-Leste,TLS,2010.0,YR2010,3.301
Timor-Leste,TLS,2013.0,YR2013,4.05
Timor-Leste,TLS,2016.0,YR2016,4.657
Timor-Leste,TLS,2021.0,YR2021,2.344
Togo,TGO,2011.0,YR2011,1.982
Togo,TGO,2015.0,YR2015,2.204
Togo,TGO,2017.0,YR2017,3.744
Togo,TGO,2019.0,YR2019,2.056
Tonga,TON,2018.0,YR2018,2.248
Tonga,TON,2021.0,YR2021,3.066
Trinidad and Tobago,TTO,2000.0,YR2000,12.1
Trinidad and Tobago,TTO,2010.0,YR2010,4.033
Trinidad and Tobago,TTO,2011.0,YR2011,3.425
Trinidad and Tobago,TTO,2012.0,YR2012,3.718
Trinidad and Tobago,TTO,2013.0,YR2013,2.683
Trinidad and Tobago,TTO,2014.0,YR2014,2.477
Trinidad and Tobago,TTO,2015.0,YR2015,2.428
Trinidad and Tobago,TTO,2016.0,YR2016,3.207
Trinidad and Tobago,TTO,2019.0,YR2019,3.523
Trinidad and Tobago,TTO,2020.0,YR2020,4.206
Trinidad and Tobago,TTO,2021.0,YR2021,4.446
Trinidad and Tobago,TTO,2022.0,YR2022,4.383
Tunisia,TUN,2000.0,YR2000,14.94
Tunisia,TUN,2010.0,YR2010,13.049
Tunisia,TUN,2011.0,YR2011,18.334
Tunisia,TUN,2012.0,YR2012,17.63
Tunisia,TUN,2013.0,YR2013,15.934
Tunisia,TUN,2014.0,YR2014,14.259
Tunisia,TUN,2015.0,YR2015,15.159
Tunisia,TUN,2016.0,YR2016,15.557
Tunisia,TUN,2017.0,YR2017,15.33
Tunisia,TUN,2018.0,YR2018,15.459
Tunisia,TUN,2019.0,YR2019,17.153
Turkmenistan,TKM,2010.0,YR2010,4
Tuvalu,TUV,2016.0,YR2016,8.489
Tuvalu,TUV,2017.0,YR2017,26.553
Tuvalu,TUV,2022.0,YR2022,7.867
Uganda,UGA,2010.0,YR2010,1.401
Uganda,UGA,2011.0,YR2011,0.882
Uganda,UGA,2012.0,YR2012,3.551
Uganda,UGA,2013.0,YR2013,1.91
Uganda,UGA,2014.0,YR2014,1.566
Uganda,UGA,2017.0,YR2017,3.643
Uganda,UGA,2019.0,YR2019,2.563
Uganda,UGA,2021.0,YR2021,3.422
Ukraine,UKR,2000.0,YR2000,11.707
Ukraine,UKR,2010.0,YR2010,8.1
Ukraine,UKR,2011.0,YR2011,7.851
Ukraine,UKR,2012.0,YR2012,7.529
Ukraine,UKR,2013.0,YR2013,7.17
Ukraine,UKR,2014.0,YR2014,9.27
Ukraine,UKR,2015.0,YR2015,9.14
Ukraine,UKR,2016.0,YR2016,9.35
Ukraine,UKR,2017.0,YR2017,9.5
Ukraine,UKR,2018.0,YR2018,8.799
Ukraine,UKR,2019.0,YR2019,8.194
Ukraine,UKR,2020.0,YR2020,9.475
Ukraine,UKR,2021.0,YR2021,9.834
United Arab Emirates,ARE,2000.0,YR2000,2.25
United Arab Emirates,ARE,2016.0,YR2016,1.64
United Arab Emirates,ARE,2017.0,YR2017,2.462
United Arab Emirates,ARE,2018.0,YR2018,2.236
United Arab Emirates,ARE,2019.0,YR2019,2.331
United Arab Emirates,ARE,2020.0,YR2020,4.294
United Arab Emirates,ARE,2021.0,YR2021,3.105
United Arab Emirates,ARE,2022.0,YR2022,2.873
Upper middle income,UMC,2000.0,YR2000,5.47919684123915
Upper middle income,UMC,2010.0,YR2010,5.24357005624101
Upper middle income,UMC,2011.0,YR2011,5.209843165503
Upper middle income,UMC,2012.0,YR2012,5.08306194885679
Upper middle income,UMC,2013.0,YR2013,5.00179032971014
Upper middle income,UMC,2014.0,YR2014,5.00130160778212
Upper middle income,UMC,2017.0,YR2017,5.37400414123862
Upper middle income,UMC,2018.0,YR2018,5.90042333841274
Upper middle income,UMC,2019.0,YR2019,6.03369551972333
Upper middle income,UMC,2020.0,YR2020,6.76593017089024
Upper middle income,UMC,2021.0,YR2021,6.36032851145736
Uruguay,URY,2000.0,YR2000,12.627
Uruguay,URY,2010.0,YR2010,7.158
Uruguay,URY,2011.0,YR2011,6.307
Uruguay,URY,2012.0,YR2012,6.451
Uruguay,URY,2013.0,YR2013,6.444
Uruguay,URY,2014.0,YR2014,6.547
Uruguay,URY,2015.0,YR2015,7.488
Uruguay,URY,2016.0,YR2016,7.841
Uruguay,URY,2017.0,YR2017,7.89
Uruguay,URY,2018.0,YR2018,8.336
Uruguay,URY,2019.0,YR2019,8.734
Uruguay,URY,2020.0,YR2020,10.33
Uruguay,URY,2021.0,YR2021,9.301
Uruguay,URY,2022.0,YR2022,7.877
Uzbekistan,UZB,2000.0,YR2000,0.4
Uzbekistan,UZB,2010.0,YR2010,5.36
Uzbekistan,UZB,2011.0,YR2011,4.96
Uzbekistan,UZB,2012.0,YR2012,4.87
Uzbekistan,UZB,2013.0,YR2013,4.86
Uzbekistan,UZB,2014.0,YR2014,5.09
Uzbekistan,UZB,2015.0,YR2015,5.15
Uzbekistan,UZB,2016.0,YR2016,5.16
Uzbekistan,UZB,2017.0,YR2017,5.83
Uzbekistan,UZB,2018.0,YR2018,9.35
Uzbekistan,UZB,2019.0,YR2019,8.98
Uzbekistan,UZB,2020.0,YR2020,5.293
Vanuatu,VUT,2010.0,YR2010,1.848
Vanuatu,VUT,2019.0,YR2019,5.445
Vanuatu,VUT,2020.0,YR2020,4.046
"Venezuela, RB",VEN,2010.0,YR2010,7.112
"Venezuela, RB",VEN,2011.0,YR2011,6.902
"Venezuela, RB",VEN,2012.0,YR2012,6.601
"Venezuela, RB",VEN,2016.0,YR2016,5.319
"Venezuela, RB",VEN,2017.0,YR2017,5.045
"Venezuela, RB",VEN,2020.0,YR2020,7.53
Viet Nam,VNM,2000.0,YR2000,2.26
Viet Nam,VNM,2010.0,YR2010,1.114
Viet Nam,VNM,2011.0,YR2011,0.999
Viet Nam,VNM,2012.0,YR2012,1.027
Viet Nam,VNM,2013.0,YR2013,1.316
Viet Nam,VNM,2014.0,YR2014,1.256
Viet Nam,VNM,2015.0,YR2015,1.849
Viet Nam,VNM,2016.0,YR2016,1.848
Viet Nam,VNM,2017.0,YR2017,1.874
Viet Nam,VNM,2018.0,YR2018,1.161
Viet Nam,VNM,2019.0,YR2019,1.681
Viet Nam,VNM,2020.0,YR2020,2.103
Viet Nam,VNM,2021.0,YR2021,2.385
Viet Nam,VNM,2022.0,YR2022,1.535
West Bank and Gaza,PSE,2000.0,YR2000,10.625
West Bank and Gaza,PSE,2010.0,YR2010,21.416
West Bank and Gaza,PSE,2011.0,YR2011,17.597
West Bank and Gaza,PSE,2012.0,YR2012,19.202
West Bank and Gaza,PSE,2013.0,YR2013,19.894
West Bank and Gaza,PSE,2014.0,YR2014,20.527
West Bank and Gaza,PSE,2015.0,YR2015,23.005
West Bank and Gaza,PSE,2016.0,YR2016,23.939
West Bank and Gaza,PSE,2017.0,YR2017,25.677
West Bank and Gaza,PSE,2018.0,YR2018,26.256
West Bank and Gaza,PSE,2019.0,YR2019,25.34
West Bank and Gaza,PSE,2020.0,YR2020,25.895
West Bank and Gaza,PSE,2021.0,YR2021,26.39
West Bank and Gaza,PSE,2022.0,YR2022,24.42
World,WLD,2000.0,YR2000,5.52625905760752
World,WLD,2010.0,YR2010,5.4672982575677
World,WLD,2011.0,YR2011,5.88938134590493
World,WLD,2012.0,YR2012,5.42181754004667
World,WLD,2013.0,YR2013,5.62443388466027
World,WLD,2014.0,YR2014,5.58412214865104
World,WLD,2017.0,YR2017,5.58784592113703
World,WLD,2018.0,YR2018,5.94619463108886
World,WLD,2019.0,YR2019,5.86720245365988
World,WLD,2020.0,YR2020,6.69742976221942
World,WLD,2021.0,YR2021,6.19355894711688
"Yemen, Rep.",YEM,2010.0,YR2010,17.82
"Yemen, Rep.",YEM,2014.0,YR2014,13.467
Zambia,ZMB,2000.0,YR2000,12.93
Zambia,ZMB,2010.0,YR2010,13.19
Zambia,ZMB,2012.0,YR2012,7.85
Zambia,ZMB,2017.0,YR2017,8.518
Zambia,ZMB,2018.0,YR2018,5.031
Zambia,ZMB,2019.0,YR2019,5.539
Zambia,ZMB,2020.0,YR2020,6.032
Zambia,ZMB,2021.0,YR2021,5.195
Zambia,ZMB,2022.0,YR2022,5.993
Zimbabwe,ZWE,2011.0,YR2011,5.368
Zimbabwe,ZWE,2014.0,YR2014,4.774
Zimbabwe,ZWE,2019.0,YR2019,7.373
Zimbabwe,ZWE,2021.0,YR2021,9.54
Australia,AUS,2000.0,YR2000,6.288
Australia,AUS,2010.0,YR2010,5.214
Australia,AUS,2011.0,YR2011,5.083
Australia,AUS,2012.0,YR2012,5.225
Australia,AUS,2013.0,YR2013,5.663
Australia,AUS,2014.0,YR2014,6.078
Australia,AUS,2015.0,YR2015,6.055
Australia,AUS,2016.0,YR2016,5.711
Australia,AUS,2017.0,YR2017,5.592
Australia,AUS,2018.0,YR2018,5.3
Australia,AUS,2019.0,YR2019,5.159
Australia,AUS,2020.0,YR2020,6.456
Australia,AUS,2021.0,YR2021,5.116
Australia,AUS,2022.0,YR2022,3.701
Austria,AUT,2000.0,YR2000,4.694
Austria,AUT,2010.0,YR2010,4.883
Austria,AUT,2011.0,YR2011,4.637
Austria,AUT,2012.0,YR2012,4.909
Austria,AUT,2013.0,YR2013,5.367
Austria,AUT,2014.0,YR2014,5.674
Austria,AUT,2015.0,YR2015,5.802
Austria,AUT,2016.0,YR2016,6.064
Austria,AUT,2017.0,YR2017,5.561
Austria,AUT,2018.0,YR2018,4.933
Austria,AUT,2019.0,YR2019,4.56
Austria,AUT,2020.0,YR2020,5.201
Austria,AUT,2021.0,YR2021,6.459
Austria,AUT,2022.0,YR2022,4.992
Belgium,BEL,2000.0,YR2000,6.586
Belgium,BEL,2010.0,YR2010,8.293
Belgium,BEL,2011.0,YR2011,7.14
Belgium,BEL,2012.0,YR2012,7.542
Belgium,BEL,2013.0,YR2013,8.425
Belgium,BEL,2014.0,YR2014,8.523
Belgium,BEL,2015.0,YR2015,8.482
Belgium,BEL,2016.0,YR2016,7.83
Belgium,BEL,2017.0,YR2017,7.086
Belgium,BEL,2018.0,YR2018,5.948
Belgium,BEL,2019.0,YR2019,5.36
Belgium,BEL,2020.0,YR2020,5.555
Belgium,BEL,2021.0,YR2021,6.264
Belgium,BEL,2022.0,YR2022,5.558
Canada,CAN,2000.0,YR2000,6.829
Canada,CAN,2010.0,YR2010,8.178
Canada,CAN,2011.0,YR2011,7.637
Canada,CAN,2012.0,YR2012,7.392
Canada,CAN,2013.0,YR2013,7.143
Canada,CAN,2014.0,YR2014,7.023
Canada,CAN,2015.0,YR2015,6.945
Canada,CAN,2016.0,YR2016,7.038
Canada,CAN,2017.0,YR2017,6.426
Canada,CAN,2018.0,YR2018,5.837
Canada,CAN,2019.0,YR2019,5.69
Canada,CAN,2020.0,YR2020,9.657
Canada,CAN,2021.0,YR2021,7.527
Canada,CAN,2022.0,YR2022,5.28
Canada,CAN,2023.0,YR2023,5.415
Colombia,COL,2000.0,YR2000,20.52
Colombia,COL,2010.0,YR2010,11.153
Colombia,COL,2011.0,YR2011,10.288
Colombia,COL,2012.0,YR2012,9.959
Colombia,COL,2013.0,YR2013,9.246
Colombia,COL,2014.0,YR2014,8.799
Colombia,COL,2015.0,YR2015,8.572
Colombia,COL,2016.0,YR2016,8.922
Colombia,COL,2017.0,YR2017,9.086
Colombia,COL,2018.0,YR2018,9.36
Colombia,COL,2019.0,YR2019,10.28
Colombia,COL,2020.0,YR2020,15.983
Colombia,COL,2021.0,YR2021,13.898
Colombia,COL,2022.0,YR2022,10.547
Costa Rica,CRI,2010.0,YR2010,7.171
Costa Rica,CRI,2011.0,YR2011,9.518
Costa Rica,CRI,2012.0,YR2012,9.11
Costa Rica,CRI,2013.0,YR2013,8.218
Costa Rica,CRI,2014.0,YR2014,8.499
Costa Rica,CRI,2015.0,YR2015,8.415
Costa Rica,CRI,2016.0,YR2016,8.085
Costa Rica,CRI,2017.0,YR2017,7.729
Costa Rica,CRI,2018.0,YR2018,9.01
Costa Rica,CRI,2019.0,YR2019,10.807
Costa Rica,CRI,2020.0,YR2020,16.432
Costa Rica,CRI,2021.0,YR2021,15.139
Costa Rica,CRI,2022.0,YR2022,11.325
Czechia,CZE,2000.0,YR2000,8.764
Czechia,CZE,2010.0,YR2010,7.281
Czechia,CZE,2011.0,YR2011,6.712
Czechia,CZE,2012.0,YR2012,6.979
Czechia,CZE,2013.0,YR2013,6.953
Czechia,CZE,2014.0,YR2014,6.108
Czechia,CZE,2015.0,YR2015,5.048
Czechia,CZE,2016.0,YR2016,3.952
Czechia,CZE,2017.0,YR2017,2.893
Czechia,CZE,2018.0,YR2018,2.246
Czechia,CZE,2019.0,YR2019,2.015
Czechia,CZE,2020.0,YR2020,2.551
Czechia,CZE,2021.0,YR2021,2.803
Czechia,CZE,2022.0,YR2022,2.224
Denmark,DNK,2000.0,YR2000,4.476
Denmark,DNK,2010.0,YR2010,7.747
Denmark,DNK,2011.0,YR2011,7.769
Denmark,DNK,2012.0,YR2012,7.798
Denmark,DNK,2013.0,YR2013,7.384
Denmark,DNK,2014.0,YR2014,6.925
Denmark,DNK,2015.0,YR2015,6.278
Denmark,DNK,2016.0,YR2016,5.989
Denmark,DNK,2017.0,YR2017,5.833
Denmark,DNK,2018.0,YR2018,5.131
Denmark,DNK,2019.0,YR2019,5.018
Denmark,DNK,2020.0,YR2020,5.637
Denmark,DNK,2021.0,YR2021,5.043
Denmark,DNK,2022.0,YR2022,4.434
Estonia,EST,2000.0,YR2000,13.93
Estonia,EST,2010.0,YR2010,16.707
Estonia,EST,2011.0,YR2011,12.328
Estonia,EST,2012.0,YR2012,10.021
Estonia,EST,2013.0,YR2013,8.631
Estonia,EST,2014.0,YR2014,7.352
Estonia,EST,2015.0,YR2015,6.412
Estonia,EST,2016.0,YR2016,6.882
Estonia,EST,2017.0,YR2017,5.807
Estonia,EST,2018.0,YR2018,5.412
Estonia,EST,2019.0,YR2019,4.514
Estonia,EST,2020.0,YR2020,6.956
Estonia,EST,2021.0,YR2021,6.178
Estonia,EST,2022.0,YR2022,5.571
Finland,FIN,2000.0,YR2000,12.49
Finland,FIN,2010.0,YR2010,8.394
Finland,FIN,2011.0,YR2011,7.781
Finland,FIN,2012.0,YR2012,7.689
Finland,FIN,2013.0,YR2013,8.193
Finland,FIN,2014.0,YR2014,8.663
Finland,FIN,2015.0,YR2015,9.376
Finland,FIN,2016.0,YR2016,8.818
Finland,FIN,2017.0,YR2017,8.64
Finland,FIN,2018.0,YR2018,7.361
Finland,FIN,2019.0,YR2019,6.695
Finland,FIN,2020.0,YR2020,7.759
Finland,FIN,2021.0,YR2021,7.606
Finland,FIN,2022.0,YR2022,6.719
France,FRA,2000.0,YR2000,10.218
France,FRA,2010.0,YR2010,9.279
France,FRA,2011.0,YR2011,9.228
France,FRA,2012.0,YR2012,9.841
France,FRA,2013.0,YR2013,9.913
France,FRA,2014.0,YR2014,10.273
France,FRA,2015.0,YR2015,10.354
France,FRA,2016.0,YR2016,10.057
France,FRA,2017.0,YR2017,9.41
France,FRA,2018.0,YR2018,9.018
France,FRA,2019.0,YR2019,8.415
France,FRA,2020.0,YR2020,8.01
France,FRA,2021.0,YR2021,7.874
France,FRA,2022.0,YR2022,7.308
Germany,DEU,2000.0,YR2000,7.917
Germany,DEU,2010.0,YR2010,6.967
Germany,DEU,2011.0,YR2011,5.825
Germany,DEU,2012.0,YR2012,5.379
Germany,DEU,2013.0,YR2013,5.231
Germany,DEU,2014.0,YR2014,4.981
Germany,DEU,2015.0,YR2015,4.624
Germany,DEU,2016.0,YR2016,4.122
Germany,DEU,2017.0,YR2017,3.746
Germany,DEU,2018.0,YR2018,3.384
Germany,DEU,2019.0,YR2019,3.136
Germany,DEU,2020.0,YR2020,3.856
Germany,DEU,2021.0,YR2021,3.638
Germany,DEU,2022.0,YR2022,3.135
Greece,GRC,2000.0,YR2000,11.345
Greece,GRC,2010.0,YR2010,12.719
Greece,GRC,2011.0,YR2011,17.973
Greece,GRC,2012.0,YR2012,24.731
Greece,GRC,2013.0,YR2013,27.686
Greece,GRC,2014.0,YR2014,26.708
Greece,GRC,2015.0,YR2015,24.981
Greece,GRC,2016.0,YR2016,23.514
Greece,GRC,2017.0,YR2017,21.414
Greece,GRC,2018.0,YR2018,19.179
Greece,GRC,2019.0,YR2019,17.045
Greece,GRC,2020.0,YR2020,15.899
Greece,GRC,2021.0,YR2021,14.657
Greece,GRC,2022.0,YR2022,12.426
Hungary,HUN,2000.0,YR2000,6.563
Hungary,HUN,2010.0,YR2010,11.172
Hungary,HUN,2011.0,YR2011,11.029
Hungary,HUN,2012.0,YR2012,11.003
Hungary,HUN,2013.0,YR2013,10.177
Hungary,HUN,2014.0,YR2014,7.725
Hungary,HUN,2015.0,YR2015,6.813
Hungary,HUN,2016.0,YR2016,5.115
Hungary,HUN,2017.0,YR2017,4.156
Hungary,HUN,2018.0,YR2018,3.709
Hungary,HUN,2019.0,YR2019,3.419
Hungary,HUN,2020.0,YR2020,4.25
Hungary,HUN,2021.0,YR2021,4.045
Hungary,HUN,2022.0,YR2022,3.609
Iceland,ISL,2000.0,YR2000,1.936
Iceland,ISL,2010.0,YR2010,7.564
Iceland,ISL,2011.0,YR2011,7.028
Iceland,ISL,2012.0,YR2012,6
Iceland,ISL,2013.0,YR2013,5.376
Iceland,ISL,2014.0,YR2014,4.897
Iceland,ISL,2015.0,YR2015,3.979
Iceland,ISL,2016.0,YR2016,2.978
Iceland,ISL,2017.0,YR2017,2.742
Iceland,ISL,2018.0,YR2018,2.704
Iceland,ISL,2019.0,YR2019,3.507
Iceland,ISL,2020.0,YR2020,5.478
Iceland,ISL,2021.0,YR2021,6.029
Iceland,ISL,2022.0,YR2022,3.789
Ireland,IRL,2000.0,YR2000,4.318
Ireland,IRL,2010.0,YR2010,14.534
Ireland,IRL,2011.0,YR2011,15.354
Ireland,IRL,2012.0,YR2012,15.451
Ireland,IRL,2013.0,YR2013,13.735
Ireland,IRL,2014.0,YR2014,11.858
Ireland,IRL,2015.0,YR2015,9.908
Ireland,IRL,2016.0,YR2016,8.374
Ireland,IRL,2017.0,YR2017,6.713
Ireland,IRL,2018.0,YR2018,5.741
Ireland,IRL,2019.0,YR2019,4.95
Ireland,IRL,2020.0,YR2020,5.623
Ireland,IRL,2021.0,YR2021,6.194
Ireland,IRL,2022.0,YR2022,4.479
Israel,ISR,2000.0,YR2000,11.102
Israel,ISR,2010.0,YR2010,8.48
Israel,ISR,2011.0,YR2011,7.139
Israel,ISR,2012.0,YR2012,6.762
Israel,ISR,2013.0,YR2013,6.137
Israel,ISR,2014.0,YR2014,5.789
Israel,ISR,2015.0,YR2015,5.176
Israel,ISR,2016.0,YR2016,4.723
Israel,ISR,2017.0,YR2017,4.14
Israel,ISR,2018.0,YR2018,3.917
Israel,ISR,2019.0,YR2019,3.731
Israel,ISR,2020.0,YR2020,4.169
Israel,ISR,2021.0,YR2021,4.812
Israel,ISR,2022.0,YR2022,3.695
Italy,ITA,2000.0,YR2000,10.834
Italy,ITA,2010.0,YR2010,8.363
Italy,ITA,2011.0,YR2011,8.359
Italy,ITA,2012.0,YR2012,10.655
Italy,ITA,2013.0,YR2013,12.149
Italy,ITA,2014.0,YR2014,12.683
Italy,ITA,2015.0,YR2015,11.896
Italy,ITA,2016.0,YR2016,11.688
Italy,ITA,2017.0,YR2017,11.211
Italy,ITA,2018.0,YR2018,10.61
Italy,ITA,2019.0,YR2019,9.952
Italy,ITA,2020.0,YR2020,9.164
Italy,ITA,2021.0,YR2021,9.497
Italy,ITA,2022.0,YR2022,8.069
Japan,JPN,2000.0,YR2000,4.748
Japan,JPN,2010.0,YR2010,5.103
Japan,JPN,2011.0,YR2011,4.55
Japan,JPN,2012.0,YR2012,4.358
Japan,JPN,2013.0,YR2013,4.038
Japan,JPN,2014.0,YR2014,3.589
Japan,JPN,2015.0,YR2015,3.385
Japan,JPN,2016.0,YR2016,3.132
Japan,JPN,2017.0,YR2017,2.822
Japan,JPN,2018.0,YR2018,2.467
Japan,JPN,2019.0,YR2019,2.351
Japan,JPN,2020.0,YR2020,2.809
Japan,JPN,2021.0,YR2021,2.828
Japan,JPN,2022.0,YR2022,2.6
Japan,JPN,2023.0,YR2023,2.6
"Korea, Rep.",KOR,2000.0,YR2000,4.063
"Korea, Rep.",KOR,2010.0,YR2010,3.324
"Korea, Rep.",KOR,2011.0,YR2011,2.992
"Korea, Rep.",KOR,2012.0,YR2012,2.812
"Korea, Rep.",KOR,2013.0,YR2013,2.747
"Korea, Rep.",KOR,2014.0,YR2014,3.082
"Korea, Rep.",KOR,2015.0,YR2015,3.546
"Korea, Rep.",KOR,2016.0,YR2016,3.65
"Korea, Rep.",KOR,2017.0,YR2017,3.653
"Korea, Rep.",KOR,2018.0,YR2018,3.824
"Korea, Rep.",KOR,2019.0,YR2019,3.746
"Korea, Rep.",KOR,2020.0,YR2020,3.931
"Korea, Rep.",KOR,2021.0,YR2021,3.639
"Korea, Rep.",KOR,2022.0,YR2022,2.857
Latvia,LVA,2000.0,YR2000,14.211
Latvia,LVA,2010.0,YR2010,19.482
Latvia,LVA,2011.0,YR2011,16.206
Latvia,LVA,2012.0,YR2012,15.047
Latvia,LVA,2013.0,YR2013,11.867
Latvia,LVA,2014.0,YR2014,10.846
Latvia,LVA,2015.0,YR2015,9.873
Latvia,LVA,2016.0,YR2016,9.643
Latvia,LVA,2017.0,YR2017,8.715
Latvia,LVA,2018.0,YR2018,7.412
Latvia,LVA,2019.0,YR2019,6.312
Latvia,LVA,2020.0,YR2020,8.098
Latvia,LVA,2021.0,YR2021,7.513
Latvia,LVA,2022.0,YR2022,6.815
Lithuania,LTU,2000.0,YR2000,15.931
Lithuania,LTU,2010.0,YR2010,17.814
Lithuania,LTU,2011.0,YR2011,15.39
Lithuania,LTU,2012.0,YR2012,13.365
Lithuania,LTU,2013.0,YR2013,11.77
Lithuania,LTU,2014.0,YR2014,10.698
Lithuania,LTU,2015.0,YR2015,9.12
Lithuania,LTU,2016.0,YR2016,7.862
Lithuania,LTU,2017.0,YR2017,7.073
Lithuania,LTU,2018.0,YR2018,6.147
Lithuania,LTU,2019.0,YR2019,6.255
Lithuania,LTU,2020.0,YR2020,8.487
Lithuania,LTU,2021.0,YR2021,7.112
Lithuania,LTU,2022.0,YR2022,5.956
Luxembourg,LUX,2000.0,YR2000,2.345
Luxembourg,LUX,2010.0,YR2010,4.361
Luxembourg,LUX,2011.0,YR2011,4.902
Luxembourg,LUX,2012.0,YR2012,5.14
Luxembourg,LUX,2013.0,YR2013,5.848
Luxembourg,LUX,2014.0,YR2014,5.852
Luxembourg,LUX,2015.0,YR2015,6.669
Luxembourg,LUX,2016.0,YR2016,6.291
Luxembourg,LUX,2017.0,YR2017,5.522
Luxembourg,LUX,2018.0,YR2018,5.585
Luxembourg,LUX,2019.0,YR2019,5.595
Luxembourg,LUX,2020.0,YR2020,6.773
Luxembourg,LUX,2021.0,YR2021,5.247
Luxembourg,LUX,2022.0,YR2022,4.585
Mexico,MEX,2000.0,YR2000,2.646
Mexico,MEX,2010.0,YR2010,5.303
Mexico,MEX,2011.0,YR2011,5.175
Mexico,MEX,2012.0,YR2012,4.892
Mexico,MEX,2013.0,YR2013,4.921
Mexico,MEX,2014.0,YR2014,4.819
Mexico,MEX,2015.0,YR2015,4.311
Mexico,MEX,2016.0,YR2016,3.853
Mexico,MEX,2017.0,YR2017,3.419
Mexico,MEX,2018.0,YR2018,3.275
Mexico,MEX,2019.0,YR2019,3.477
Mexico,MEX,2020.0,YR2020,4.441
Mexico,MEX,2021.0,YR2021,4.019
Mexico,MEX,2022.0,YR2022,3.256
Netherlands,NLD,2000.0,YR2000,2.725
Netherlands,NLD,2010.0,YR2010,4.989
Netherlands,NLD,2011.0,YR2011,4.977
Netherlands,NLD,2012.0,YR2012,5.821
Netherlands,NLD,2013.0,YR2013,7.243
Netherlands,NLD,2014.0,YR2014,7.416
Netherlands,NLD,2015.0,YR2015,6.873
Netherlands,NLD,2016.0,YR2016,6.006
Netherlands,NLD,2017.0,YR2017,4.839
Netherlands,NLD,2018.0,YR2018,3.831
Netherlands,NLD,2019.0,YR2019,3.38
Netherlands,NLD,2020.0,YR2020,3.819
Netherlands,NLD,2021.0,YR2021,4.21
Netherlands,NLD,2022.0,YR2022,3.524
New Zealand,NZL,2000.0,YR2000,6.13
New Zealand,NZL,2010.0,YR2010,6.557
New Zealand,NZL,2011.0,YR2011,6.491
New Zealand,NZL,2012.0,YR2012,6.931
New Zealand,NZL,2013.0,YR2013,5.839
New Zealand,NZL,2014.0,YR2014,5.428
New Zealand,NZL,2015.0,YR2015,5.415
New Zealand,NZL,2016.0,YR2016,5.147
New Zealand,NZL,2017.0,YR2017,4.736
New Zealand,NZL,2018.0,YR2018,4.335
New Zealand,NZL,2019.0,YR2019,4.109
New Zealand,NZL,2020.0,YR2020,4.595
New Zealand,NZL,2021.0,YR2021,3.776
New Zealand,NZL,2022.0,YR2022,3.297
Norway,NOR,2000.0,YR2000,3.458
Norway,NOR,2010.0,YR2010,3.521
Norway,NOR,2011.0,YR2011,3.215
Norway,NOR,2012.0,YR2012,3.123
Norway,NOR,2013.0,YR2013,3.423
Norway,NOR,2014.0,YR2014,3.484
Norway,NOR,2015.0,YR2015,4.296
Norway,NOR,2016.0,YR2016,4.679
Norway,NOR,2017.0,YR2017,4.162
Norway,NOR,2018.0,YR2018,3.8
Norway,NOR,2019.0,YR2019,3.687
Norway,NOR,2020.0,YR2020,4.422
Norway,NOR,2021.0,YR2021,4.369
Norway,NOR,2022.0,YR2022,3.233
Poland,POL,2000.0,YR2000,16.314
Poland,POL,2010.0,YR2010,9.637
Poland,POL,2011.0,YR2011,9.632
Poland,POL,2012.0,YR2012,10.088
Poland,POL,2013.0,YR2013,10.326
Poland,POL,2014.0,YR2014,8.99
Poland,POL,2015.0,YR2015,7.501
Poland,POL,2016.0,YR2016,6.161
Poland,POL,2017.0,YR2017,4.888
Poland,POL,2018.0,YR2018,3.846
Poland,POL,2019.0,YR2019,3.277
Poland,POL,2020.0,YR2020,3.162
Poland,POL,2021.0,YR2021,3.363
Poland,POL,2022.0,YR2022,2.886
Portugal,PRT,2000.0,YR2000,3.806
Portugal,PRT,2010.0,YR2010,10.771
Portugal,PRT,2011.0,YR2011,12.682
Portugal,PRT,2012.0,YR2012,15.531
Portugal,PRT,2013.0,YR2013,16.188
Portugal,PRT,2014.0,YR2014,13.897
Portugal,PRT,2015.0,YR2015,12.447
Portugal,PRT,2016.0,YR2016,11.068
Portugal,PRT,2017.0,YR2017,8.869
Portugal,PRT,2018.0,YR2018,6.994
Portugal,PRT,2019.0,YR2019,6.464
Portugal,PRT,2020.0,YR2020,6.796
Portugal,PRT,2021.0,YR2021,6.577
Portugal,PRT,2022.0,YR2022,6.011
Slovak Republic,SVK,2000.0,YR2000,18.546
Slovak Republic,SVK,2010.0,YR2010,14.387
Slovak Republic,SVK,2011.0,YR2011,13.634
Slovak Republic,SVK,2012.0,YR2012,13.966
Slovak Republic,SVK,2013.0,YR2013,14.227
Slovak Republic,SVK,2014.0,YR2014,11.537
Slovak Republic,SVK,2015.0,YR2015,11.492
Slovak Republic,SVK,2016.0,YR2016,9.679
Slovak Republic,SVK,2017.0,YR2017,8.142
Slovak Republic,SVK,2018.0,YR2018,6.544
Slovak Republic,SVK,2019.0,YR2019,5.761
Slovak Republic,SVK,2020.0,YR2020,6.719
Slovak Republic,SVK,2021.0,YR2021,6.894
Slovak Republic,SVK,2022.0,YR2022,6.143
Slovenia,SVN,2000.0,YR2000,6.92
Slovenia,SVN,2010.0,YR2010,7.248
Slovenia,SVN,2011.0,YR2011,8.182
Slovenia,SVN,2012.0,YR2012,8.852
Slovenia,SVN,2013.0,YR2013,10.116
Slovenia,SVN,2014.0,YR2014,9.692
Slovenia,SVN,2015.0,YR2015,8.975
Slovenia,SVN,2016.0,YR2016,8.007
Slovenia,SVN,2017.0,YR2017,6.573
Slovenia,SVN,2018.0,YR2018,5.116
Slovenia,SVN,2019.0,YR2019,4.448
Slovenia,SVN,2020.0,YR2020,4.974
Slovenia,SVN,2021.0,YR2021,4.747
Slovenia,SVN,2022.0,YR2022,4.013
Spain,ESP,2000.0,YR2000,13.785
Spain,ESP,2010.0,YR2010,19.86
Spain,ESP,2011.0,YR2011,21.391
Spain,ESP,2012.0,YR2012,24.788
Spain,ESP,2013.0,YR2013,26.094
Spain,ESP,2014.0,YR2014,24.442
Spain,ESP,2015.0,YR2015,22.058
Spain,ESP,2016.0,YR2016,19.635
Spain,ESP,2017.0,YR2017,17.224
Spain,ESP,2018.0,YR2018,15.255
Spain,ESP,2019.0,YR2019,14.104
Spain,ESP,2020.0,YR2020,15.532
Spain,ESP,2021.0,YR2021,14.781
Spain,ESP,2022.0,YR2022,12.917
Sweden,SWE,2000.0,YR2000,5.466
Sweden,SWE,2010.0,YR2010,8.61
Sweden,SWE,2011.0,YR2011,7.804
Sweden,SWE,2012.0,YR2012,7.976
Sweden,SWE,2013.0,YR2013,8.052
Sweden,SWE,2014.0,YR2014,7.954
Sweden,SWE,2015.0,YR2015,7.432
Sweden,SWE,2016.0,YR2016,6.99
Sweden,SWE,2017.0,YR2017,6.718
Sweden,SWE,2018.0,YR2018,6.365
Sweden,SWE,2019.0,YR2019,6.833
Sweden,SWE,2020.0,YR2020,8.291
Sweden,SWE,2021.0,YR2021,8.722
Sweden,SWE,2022.0,YR2022,7.392
Switzerland,CHE,2000.0,YR2000,2.658
Switzerland,CHE,2010.0,YR2010,4.808
Switzerland,CHE,2011.0,YR2011,4.409
Switzerland,CHE,2012.0,YR2012,4.491
Switzerland,CHE,2013.0,YR2013,4.747
Switzerland,CHE,2014.0,YR2014,4.826
Switzerland,CHE,2015.0,YR2015,4.801
Switzerland,CHE,2016.0,YR2016,4.918
Switzerland,CHE,2017.0,YR2017,4.797
Switzerland,CHE,2018.0,YR2018,4.713
Switzerland,CHE,2019.0,YR2019,4.394
Switzerland,CHE,2020.0,YR2020,4.817
Switzerland,CHE,2021.0,YR2021,5.097
Switzerland,CHE,2022.0,YR2022,4.3
Turkiye,TUR,2000.0,YR2000,6.495
Turkiye,TUR,2010.0,YR2010,11.879
Turkiye,TUR,2011.0,YR2011,9.789
Turkiye,TUR,2012.0,YR2012,9.21
Turkiye,TUR,2013.0,YR2013,9.713
Turkiye,TUR,2014.0,YR2014,9.901
Turkiye,TUR,2015.0,YR2015,10.304
Turkiye,TUR,2016.0,YR2016,10.899
Turkiye,TUR,2017.0,YR2017,10.919
Turkiye,TUR,2018.0,YR2018,10.956
Turkiye,TUR,2019.0,YR2019,13.73
Turkiye,TUR,2020.0,YR2020,13.148
Turkiye,TUR,2021.0,YR2021,11.969
Turkiye,TUR,2022.0,YR2022,10.432
United Kingdom,GBR,2000.0,YR2000,5.558
United Kingdom,GBR,2010.0,YR2010,7.787
United Kingdom,GBR,2011.0,YR2011,8.038
United Kingdom,GBR,2012.0,YR2012,7.885
United Kingdom,GBR,2013.0,YR2013,7.525
United Kingdom,GBR,2014.0,YR2014,6.11
United Kingdom,GBR,2015.0,YR2015,5.301
United Kingdom,GBR,2016.0,YR2016,4.81
United Kingdom,GBR,2017.0,YR2017,4.33
United Kingdom,GBR,2018.0,YR2018,3.996
United Kingdom,GBR,2019.0,YR2019,3.737
United States,USA,2000.0,YR2000,3.992
United States,USA,2010.0,YR2010,9.633
United States,USA,2011.0,YR2011,8.949
United States,USA,2012.0,YR2012,8.069
United States,USA,2013.0,YR2013,7.375
United States,USA,2014.0,YR2014,6.168
United States,USA,2015.0,YR2015,5.28
United States,USA,2016.0,YR2016,4.869
United States,USA,2017.0,YR2017,4.355
United States,USA,2018.0,YR2018,3.896
United States,USA,2019.0,YR2019,3.669
United States,USA,2020.0,YR2020,8.055
United States,USA,2021.0,YR2021,5.349
United States,USA,2022.0,YR2022,3.65
United States,USA,2023.0,YR2023,3.638
